session_id	mint	token_name	event_time	entity_type	entity_address	entity_name	transition_type	transition_id	supporting_refs
FGxzLF5w_20260205_033421_7e7a4ca0	FGxzLF5wuuqBzHsiCCqmEiFRYmGaWSpgCTsdKpxNpump		1770262596	WALLET	6Yb5BK4YiDXCzVcUBG3p5rsfqmgKriJdob4wKB5FPKDu		WALLET_TIMING_EARLY_ENTER	6Yb5BK4YiDXCzVcUBG3p5rsfqmgKriJdob4wKB5FPKDu:early:1770262596	59PDB66WhjpdQBL5GfYG2wpgYKKAoZgdvsxVsFYkSK9y42YmromVi6FWfzPYY5Qto437QWBGdkntsbu4x8GKHaKH
FGxzLF5w_20260205_033421_7e7a4ca0	FGxzLF5wuuqBzHsiCCqmEiFRYmGaWSpgCTsdKpxNpump		1770262596	WALLET	ForLDu55GfA2U1aTUaitmjzjs92vvVn1MSqzY3D9HtAK		WALLET_TIMING_EARLY_ENTER	ForLDu55GfA2U1aTUaitmjzjs92vvVn1MSqzY3D9HtAK:early:1770262596	59PDB66WhjpdQBL5GfYG2wpgYKKAoZgdvsxVsFYkSK9y42YmromVi6FWfzPYY5Qto437QWBGdkntsbu4x8GKHaKH
FGxzLF5w_20260205_033421_7e7a4ca0	FGxzLF5wuuqBzHsiCCqmEiFRYmGaWSpgCTsdKpxNpump		1770262596	TOKEN	FGxzLF5wuuqBzHsiCCqmEiFRYmGaWSpgCTsdKpxNpump		TOKEN_IGNITION_ENTER	FGxzLF5wuuqBzHsiCCqmEiFRYmGaWSpgCTsdKpxNpump:TOKEN_IGNITION:1770262596	2 wallet transitions
FGxzLF5w_20260205_033421_7e7a4ca0	FGxzLF5wuuqBzHsiCCqmEiFRYmGaWSpgCTsdKpxNpump		1770262596	WALLET	HZYeYkvGirc9krNhP1NRm8EPJ7PHKJdo8hVS9jDuy3Ta		WALLET_TIMING_EARLY_ENTER	HZYeYkvGirc9krNhP1NRm8EPJ7PHKJdo8hVS9jDuy3Ta:early:1770262596	6Qxa6KtfKWkGTRV1aDPvgfmV4ULLBm1KEDFiA7A9TfphLWAB3KiTPXRUyMNPPKpnz4SEUUg8MqDQJTh5qvyY2e8
FGxzLF5w_20260205_033421_7e7a4ca0	FGxzLF5wuuqBzHsiCCqmEiFRYmGaWSpgCTsdKpxNpump		1770262596	WALLET	BHNnuNPH8JmDWxU18urG8ynD7wbATWzKpgebUNH4sqiV		WALLET_TIMING_EARLY_ENTER	BHNnuNPH8JmDWxU18urG8ynD7wbATWzKpgebUNH4sqiV:early:1770262596	6Qxa6KtfKWkGTRV1aDPvgfmV4ULLBm1KEDFiA7A9TfphLWAB3KiTPXRUyMNPPKpnz4SEUUg8MqDQJTh5qvyY2e8
FGxzLF5w_20260205_033421_7e7a4ca0	FGxzLF5wuuqBzHsiCCqmEiFRYmGaWSpgCTsdKpxNpump		1770262596	WALLET	ste11p7e2KLYou5bwtt35H7BM6uMdo4pvioGjJXKFcN		WALLET_TIMING_EARLY_ENTER	ste11p7e2KLYou5bwtt35H7BM6uMdo4pvioGjJXKFcN:early:1770262596	6Qxa6KtfKWkGTRV1aDPvgfmV4ULLBm1KEDFiA7A9TfphLWAB3KiTPXRUyMNPPKpnz4SEUUg8MqDQJTh5qvyY2e8
FGxzLF5w_20260205_033421_7e7a4ca0	FGxzLF5wuuqBzHsiCCqmEiFRYmGaWSpgCTsdKpxNpump		1770262596	WALLET	J5XGHmzrRmnYWbmw45DbYkdZAU2bwERFZ11qCDXPvFB5		WALLET_TIMING_EARLY_ENTER	J5XGHmzrRmnYWbmw45DbYkdZAU2bwERFZ11qCDXPvFB5:early:1770262596	6Qxa6KtfKWkGTRV1aDPvgfmV4ULLBm1KEDFiA7A9TfphLWAB3KiTPXRUyMNPPKpnz4SEUUg8MqDQJTh5qvyY2e8
FGxzLF5w_20260205_033421_7e7a4ca0	FGxzLF5wuuqBzHsiCCqmEiFRYmGaWSpgCTsdKpxNpump		1770262596	WALLET	DoAsxPQgiyAxyaJNvpAAUb2ups6rbJRdYrCPyWxwRxBb		WALLET_TIMING_EARLY_ENTER	DoAsxPQgiyAxyaJNvpAAUb2ups6rbJRdYrCPyWxwRxBb:early:1770262596	6Qxa6KtfKWkGTRV1aDPvgfmV4ULLBm1KEDFiA7A9TfphLWAB3KiTPXRUyMNPPKpnz4SEUUg8MqDQJTh5qvyY2e8
FGxzLF5w_20260205_033421_7e7a4ca0	FGxzLF5wuuqBzHsiCCqmEiFRYmGaWSpgCTsdKpxNpump		1770262596	WALLET	4iUgjMT8q2hNZnLuhpqZ1QtiV8deFPy2ajvvjEpKKgsS		WALLET_TIMING_EARLY_ENTER	4iUgjMT8q2hNZnLuhpqZ1QtiV8deFPy2ajvvjEpKKgsS:early:1770262596	43nKGSP2XjtZw1HyRrtBuDaQQWyuY79QMxNMPJ2ZTzdPiLDgUXA4nEkHjPqySPUtPd9agf96uK6K5ihdG5i2tM5o
FGxzLF5w_20260205_033421_7e7a4ca0	FGxzLF5wuuqBzHsiCCqmEiFRYmGaWSpgCTsdKpxNpump		1770262596	WALLET	3WcfcX6A88VrqTZKSgXfFmaCSkJW2YZbiNgRAq8ojRHB		WALLET_TIMING_EARLY_ENTER	3WcfcX6A88VrqTZKSgXfFmaCSkJW2YZbiNgRAq8ojRHB:early:1770262596	4SqpgJatSToUAaAszLrmS1k7zu866iMxxTd19AzQYkPMbzhw4uDvLbgKMbUVFHSkD2H9E6CVJHyYYFLKPbq9gygz
FGxzLF5w_20260205_033421_7e7a4ca0	FGxzLF5wuuqBzHsiCCqmEiFRYmGaWSpgCTsdKpxNpump		1770262596	WALLET	F34kcgMgCF7mYWkwLN3WN7KrFprr2NbwxuLvXx4fbztj		WALLET_TIMING_EARLY_ENTER	F34kcgMgCF7mYWkwLN3WN7KrFprr2NbwxuLvXx4fbztj:early:1770262596	4SqpgJatSToUAaAszLrmS1k7zu866iMxxTd19AzQYkPMbzhw4uDvLbgKMbUVFHSkD2H9E6CVJHyYYFLKPbq9gygz
FGxzLF5w_20260205_033421_7e7a4ca0	FGxzLF5wuuqBzHsiCCqmEiFRYmGaWSpgCTsdKpxNpump		1770262596	WALLET	6RFkBwNkpXDTHHgVhhjcyvRTBF3cgN6g3HJcuqVThqF9		WALLET_TIMING_EARLY_ENTER	6RFkBwNkpXDTHHgVhhjcyvRTBF3cgN6g3HJcuqVThqF9:early:1770262596	4SqpgJatSToUAaAszLrmS1k7zu866iMxxTd19AzQYkPMbzhw4uDvLbgKMbUVFHSkD2H9E6CVJHyYYFLKPbq9gygz
FGxzLF5w_20260205_033421_7e7a4ca0	FGxzLF5wuuqBzHsiCCqmEiFRYmGaWSpgCTsdKpxNpump		1770262596	WALLET	GnkZW5SkiARKAjr4nMXQXz6H8stbSAVcbHRJzzhteJ4g		WALLET_TIMING_EARLY_ENTER	GnkZW5SkiARKAjr4nMXQXz6H8stbSAVcbHRJzzhteJ4g:early:1770262596	39CahsU8Xb6fCM4usNurfKKnQcPcvPkJSvXhchuFejfHfHZTmBvA4Yvd4gt59jxEYLF2R2yaTTFs7c6bzoXYTRgP
FGxzLF5w_20260205_033421_7e7a4ca0	FGxzLF5wuuqBzHsiCCqmEiFRYmGaWSpgCTsdKpxNpump		1770262596	WALLET	2sxbVxFp97aYZyWbGEoqVEE48PfTNfFniAVcFdDvYn3S		WALLET_TIMING_EARLY_ENTER	2sxbVxFp97aYZyWbGEoqVEE48PfTNfFniAVcFdDvYn3S:early:1770262596	39CahsU8Xb6fCM4usNurfKKnQcPcvPkJSvXhchuFejfHfHZTmBvA4Yvd4gt59jxEYLF2R2yaTTFs7c6bzoXYTRgP
FGxzLF5w_20260205_033421_7e7a4ca0	FGxzLF5wuuqBzHsiCCqmEiFRYmGaWSpgCTsdKpxNpump		1770262596	WALLET	DymeoWc5WLNiQBaoLuxrxDnDRvLgGZ1QGsEoCAM7Jsrx		WALLET_TIMING_EARLY_ENTER	DymeoWc5WLNiQBaoLuxrxDnDRvLgGZ1QGsEoCAM7Jsrx:early:1770262596	39CahsU8Xb6fCM4usNurfKKnQcPcvPkJSvXhchuFejfHfHZTmBvA4Yvd4gt59jxEYLF2R2yaTTFs7c6bzoXYTRgP
FGxzLF5w_20260205_033421_7e7a4ca0	FGxzLF5wuuqBzHsiCCqmEiFRYmGaWSpgCTsdKpxNpump		1770262596	WALLET	96gYZGLnJYVFmbjzopPSU6QiEV5fGqZNyN9nmNhvrZU5		WALLET_TIMING_EARLY_ENTER	96gYZGLnJYVFmbjzopPSU6QiEV5fGqZNyN9nmNhvrZU5:early:1770262596	39CahsU8Xb6fCM4usNurfKKnQcPcvPkJSvXhchuFejfHfHZTmBvA4Yvd4gt59jxEYLF2R2yaTTFs7c6bzoXYTRgP
FGxzLF5w_20260205_033421_7e7a4ca0	FGxzLF5wuuqBzHsiCCqmEiFRYmGaWSpgCTsdKpxNpump		1770262596	WALLET	3Draav9kg59ngcFG9f1sezjmyHmQwqJ7wa37fFsp5zmp		WALLET_TIMING_EARLY_ENTER	3Draav9kg59ngcFG9f1sezjmyHmQwqJ7wa37fFsp5zmp:early:1770262596	46KfvdLZPVYVRWuGdb38SSSuKkMPmP6hNdJq1fNtyTE7eEfKhea5zVbRrBEGCiQfTWPaaiN36CEdpqvEQWFADD2t
FGxzLF5w_20260205_033421_7e7a4ca0	FGxzLF5wuuqBzHsiCCqmEiFRYmGaWSpgCTsdKpxNpump		1770262596	WALLET	CBaseajZwdduUBVgFyhDaTaYxzQ47pZxxv7xedwHVvAf		WALLET_TIMING_EARLY_ENTER	CBaseajZwdduUBVgFyhDaTaYxzQ47pZxxv7xedwHVvAf:early:1770262596	46KfvdLZPVYVRWuGdb38SSSuKkMPmP6hNdJq1fNtyTE7eEfKhea5zVbRrBEGCiQfTWPaaiN36CEdpqvEQWFADD2t
FGxzLF5w_20260205_033421_7e7a4ca0	FGxzLF5wuuqBzHsiCCqmEiFRYmGaWSpgCTsdKpxNpump		1770262596	WALLET	5baEHr9X6tLznWaqtNh1XX9zKdQK9Dwd86dNmowBe32z		WALLET_TIMING_EARLY_ENTER	5baEHr9X6tLznWaqtNh1XX9zKdQK9Dwd86dNmowBe32z:early:1770262596	5bHjPDpbubep8MwM8NVSDAtVAhpKFWzPK7a9XawCz17bgSHK8rqjBaD7bWVQ9eAz3xPEkeM3wrH3ZAnxKkQSB9WJ
FGxzLF5w_20260205_033421_7e7a4ca0	FGxzLF5wuuqBzHsiCCqmEiFRYmGaWSpgCTsdKpxNpump		1770262596	WALLET	9bnz4RShgq1hAnLnZbP8kbgBg1kEmcJBYQq3gQbmnSta		WALLET_TIMING_EARLY_ENTER	9bnz4RShgq1hAnLnZbP8kbgBg1kEmcJBYQq3gQbmnSta:early:1770262596	5bHjPDpbubep8MwM8NVSDAtVAhpKFWzPK7a9XawCz17bgSHK8rqjBaD7bWVQ9eAz3xPEkeM3wrH3ZAnxKkQSB9WJ
FGxzLF5w_20260205_033421_7e7a4ca0	FGxzLF5wuuqBzHsiCCqmEiFRYmGaWSpgCTsdKpxNpump		1770262596	WALLET	5sEEQ266jfUPh4TBRfXmRdN2p78PJ4WKUT2hmwzmH2F6		WALLET_TIMING_EARLY_ENTER	5sEEQ266jfUPh4TBRfXmRdN2p78PJ4WKUT2hmwzmH2F6:early:1770262596	2uK3omFUiUePh2Z32PaMGH4YqgMmXueRd9NHPxUwSzWx1634BngexBVTgB4EgyKq8W7QMHi87Ufi2gzyQ2FShRrx
FGxzLF5w_20260205_033421_7e7a4ca0	FGxzLF5wuuqBzHsiCCqmEiFRYmGaWSpgCTsdKpxNpump		1770262596	WALLET	pfnSbG36fCGpT8WsB1NEbQ2BH11iog6qjFqMEVCZZgV		WALLET_TIMING_EARLY_ENTER	pfnSbG36fCGpT8WsB1NEbQ2BH11iog6qjFqMEVCZZgV:early:1770262596	2uK3omFUiUePh2Z32PaMGH4YqgMmXueRd9NHPxUwSzWx1634BngexBVTgB4EgyKq8W7QMHi87Ufi2gzyQ2FShRrx
FGxzLF5w_20260205_033421_7e7a4ca0	FGxzLF5wuuqBzHsiCCqmEiFRYmGaWSpgCTsdKpxNpump		1770262596	WALLET	B56uerjUV5Mxhoj91nwj2vzgAvFAiBZrN1vPLKFWdQLC		WALLET_TIMING_EARLY_ENTER	B56uerjUV5Mxhoj91nwj2vzgAvFAiBZrN1vPLKFWdQLC:early:1770262596	2uK3omFUiUePh2Z32PaMGH4YqgMmXueRd9NHPxUwSzWx1634BngexBVTgB4EgyKq8W7QMHi87Ufi2gzyQ2FShRrx
FGxzLF5w_20260205_033421_7e7a4ca0	FGxzLF5wuuqBzHsiCCqmEiFRYmGaWSpgCTsdKpxNpump		1770262596	WALLET	2fL5y4zGH85yUqgQ5Bfc3yASFq5KaSZiPEk8dMTdZ5tE		WALLET_TIMING_EARLY_ENTER	2fL5y4zGH85yUqgQ5Bfc3yASFq5KaSZiPEk8dMTdZ5tE:early:1770262596	4C7PkP2KLJQLfWeA1A4Ewvdr7kfu9ru79g296wW7CEbG6ZvwuaZJ8W8XFecnaaZQnXWj1mn2e1RY5YP4DKfuj8Xk
FGxzLF5w_20260205_033421_7e7a4ca0	FGxzLF5wuuqBzHsiCCqmEiFRYmGaWSpgCTsdKpxNpump		1770262596	WALLET	CBasePNvLcTnijH1FYJ61FFaHt5L4AcCUgKB4hXMANJg		WALLET_TIMING_EARLY_ENTER	CBasePNvLcTnijH1FYJ61FFaHt5L4AcCUgKB4hXMANJg:early:1770262596	4C7PkP2KLJQLfWeA1A4Ewvdr7kfu9ru79g296wW7CEbG6ZvwuaZJ8W8XFecnaaZQnXWj1mn2e1RY5YP4DKfuj8Xk
FGxzLF5w_20260205_033421_7e7a4ca0	FGxzLF5wuuqBzHsiCCqmEiFRYmGaWSpgCTsdKpxNpump		1770262596	WALLET	8uHRYtCymaQWPfFdhYNsuJPHjrFnAy7hxRfych7BTew5		WALLET_TIMING_EARLY_ENTER	8uHRYtCymaQWPfFdhYNsuJPHjrFnAy7hxRfych7BTew5:early:1770262596	46ycizcJqjJxddYxUDBG3iVKuKb3nVPSDkYhqBAH1EPP4UiW4sxRgjKUsFir6KpfwFS3d2LKdUBaGuEm2YpmfnLL
FGxzLF5w_20260205_033421_7e7a4ca0	FGxzLF5wuuqBzHsiCCqmEiFRYmGaWSpgCTsdKpxNpump		1770262596	WALLET	CBaseFSMMUpB7zTp3HuPDKf1NVcHiJ5NkwkB77qFuGHK		WALLET_TIMING_EARLY_ENTER	CBaseFSMMUpB7zTp3HuPDKf1NVcHiJ5NkwkB77qFuGHK:early:1770262596	46ycizcJqjJxddYxUDBG3iVKuKb3nVPSDkYhqBAH1EPP4UiW4sxRgjKUsFir6KpfwFS3d2LKdUBaGuEm2YpmfnLL
FGxzLF5w_20260205_033421_7e7a4ca0	FGxzLF5wuuqBzHsiCCqmEiFRYmGaWSpgCTsdKpxNpump		1770262599	WALLET	Csg9jDdYEDiarkFaYrFmiznJjzsRx7ZQpmn87ZRGAa7m		WALLET_TIMING_EARLY_ENTER	Csg9jDdYEDiarkFaYrFmiznJjzsRx7ZQpmn87ZRGAa7m:early:1770262599	2nssRsfcFhuR85fkLJ7Cg4Kq9WSF3oYCwpCzGxvmCtqRg2UPcZ2TXzbYt3Dr85pQioBPBCdeiNmqatEhc2tiWz6e
FGxzLF5w_20260205_033421_7e7a4ca0	FGxzLF5wuuqBzHsiCCqmEiFRYmGaWSpgCTsdKpxNpump		1770262599	WALLET	4gQT88rvHr6ay8XvmUUriL5FTjsSuvkvH8ybz3etVLBb		WALLET_TIMING_EARLY_ENTER	4gQT88rvHr6ay8XvmUUriL5FTjsSuvkvH8ybz3etVLBb:early:1770262599	2nssRsfcFhuR85fkLJ7Cg4Kq9WSF3oYCwpCzGxvmCtqRg2UPcZ2TXzbYt3Dr85pQioBPBCdeiNmqatEhc2tiWz6e
FGxzLF5w_20260205_033421_7e7a4ca0	FGxzLF5wuuqBzHsiCCqmEiFRYmGaWSpgCTsdKpxNpump		1770262601	WALLET	BbVpyr5jrprBZW22Q2udBF2fdZ9PDDjYxYfgu93PyASv		WALLET_TIMING_EARLY_ENTER	BbVpyr5jrprBZW22Q2udBF2fdZ9PDDjYxYfgu93PyASv:early:1770262601	3CiP2qdgPXaaUNzkpLazdQosoXxBjsqpu8x4AjWGw2THhgqetNhvkL3QraqAG2gHTAzWKGFphH1APG4axT9cxZ8e
FGxzLF5w_20260205_033421_7e7a4ca0	FGxzLF5wuuqBzHsiCCqmEiFRYmGaWSpgCTsdKpxNpump		1770262601	WALLET	FXBTzie38d9TyH2YwbK2Ezi2mPL7GA3SEU6GDMFWUQ5D		WALLET_TIMING_EARLY_ENTER	FXBTzie38d9TyH2YwbK2Ezi2mPL7GA3SEU6GDMFWUQ5D:early:1770262601	3CiP2qdgPXaaUNzkpLazdQosoXxBjsqpu8x4AjWGw2THhgqetNhvkL3QraqAG2gHTAzWKGFphH1APG4axT9cxZ8e
FGxzLF5w_20260205_033421_7e7a4ca0	FGxzLF5wuuqBzHsiCCqmEiFRYmGaWSpgCTsdKpxNpump		1770262601	WALLET	CvEjm413DnXKsQ9gjSiJSApYXfs91TgiGoHe1NZyPRvQ		WALLET_TIMING_EARLY_ENTER	CvEjm413DnXKsQ9gjSiJSApYXfs91TgiGoHe1NZyPRvQ:early:1770262601	3pPrUZFXub8RbS7bYZXLk8mdgom4peLz2tRrTCzyY74fGVF2pGAjHRdD8456Sj4ZA3VGZT9QSkoV3oC5U2rKSYB6
FGxzLF5w_20260205_033421_7e7a4ca0	FGxzLF5wuuqBzHsiCCqmEiFRYmGaWSpgCTsdKpxNpump		1770262601	WALLET	AsTrACB6f3qtnZ1jpwPUui9714sHsS9Jtgaiy1ay4gAx		WALLET_TIMING_EARLY_ENTER	AsTrACB6f3qtnZ1jpwPUui9714sHsS9Jtgaiy1ay4gAx:early:1770262601	3pPrUZFXub8RbS7bYZXLk8mdgom4peLz2tRrTCzyY74fGVF2pGAjHRdD8456Sj4ZA3VGZT9QSkoV3oC5U2rKSYB6
FGxzLF5w_20260205_033421_7e7a4ca0	FGxzLF5wuuqBzHsiCCqmEiFRYmGaWSpgCTsdKpxNpump		1770262603	WALLET	A7egjcuuk375yozDd1EqebQe6JMQgZDmBdLusUJu7Frq		WALLET_TIMING_EARLY_ENTER	A7egjcuuk375yozDd1EqebQe6JMQgZDmBdLusUJu7Frq:early:1770262603	tE4HDwfBFheDjEnGfQ9emowc3uhmvz7joYbjtjNNWxfvuqMvbaQVzndreERV5RduBjJRnZuu3TSz3pyMexRh5hD
FGxzLF5w_20260205_033421_7e7a4ca0	FGxzLF5wuuqBzHsiCCqmEiFRYmGaWSpgCTsdKpxNpump		1770262603	WALLET	pfnKWwarhjuKKg3WV3nw3wAE8zuymigT3vuJHwZeL4s		WALLET_TIMING_EARLY_ENTER	pfnKWwarhjuKKg3WV3nw3wAE8zuymigT3vuJHwZeL4s:early:1770262603	tE4HDwfBFheDjEnGfQ9emowc3uhmvz7joYbjtjNNWxfvuqMvbaQVzndreERV5RduBjJRnZuu3TSz3pyMexRh5hD
FGxzLF5w_20260205_033421_7e7a4ca0	FGxzLF5wuuqBzHsiCCqmEiFRYmGaWSpgCTsdKpxNpump		1770262605	WALLET	7vD2PRupsH1F5FWEWFWzDYBrRsFjYm7Ab6zb2TSyjbNC		WALLET_TIMING_EARLY_ENTER	7vD2PRupsH1F5FWEWFWzDYBrRsFjYm7Ab6zb2TSyjbNC:early:1770262605	2RYLoDoCF2PdBPho2qWpPTcgPJ5bje8vekUWYt6JA4S2iwZy4aKMJQo2WxWx26X2ZKxEHXNZZAayXPuJ5AUEdtrm
FGxzLF5w_20260205_033421_7e7a4ca0	FGxzLF5wuuqBzHsiCCqmEiFRYmGaWSpgCTsdKpxNpump		1770262605	WALLET	astraZW5GLFefxNPAatceHhYjfA1ciq9gvfEg2S47xk		WALLET_TIMING_EARLY_ENTER	astraZW5GLFefxNPAatceHhYjfA1ciq9gvfEg2S47xk:early:1770262605	2RYLoDoCF2PdBPho2qWpPTcgPJ5bje8vekUWYt6JA4S2iwZy4aKMJQo2WxWx26X2ZKxEHXNZZAayXPuJ5AUEdtrm
FGxzLF5w_20260205_033421_7e7a4ca0	FGxzLF5wuuqBzHsiCCqmEiFRYmGaWSpgCTsdKpxNpump		1770262607	WALLET	8uYYJeUNTtJM8zvh8UFAHj1UMEbBdyk3Qke6fNArABQx		WALLET_TIMING_EARLY_ENTER	8uYYJeUNTtJM8zvh8UFAHj1UMEbBdyk3Qke6fNArABQx:early:1770262607	4adahTHHjKQgrVFWPLPGouLVfJowiikrwBTUJzZwVvwjMkp9QT5oW6B9w5rGeF7dwFv3ngwSN7iHoWymk16HziMx
FGxzLF5w_20260205_033421_7e7a4ca0	FGxzLF5wuuqBzHsiCCqmEiFRYmGaWSpgCTsdKpxNpump		1770262607	WALLET	4HQZ8ACkBBzm9KvC4mE3MywDDRhe8pfKjwV6FvX5Vnu6		WALLET_TIMING_EARLY_ENTER	4HQZ8ACkBBzm9KvC4mE3MywDDRhe8pfKjwV6FvX5Vnu6:early:1770262607	4adahTHHjKQgrVFWPLPGouLVfJowiikrwBTUJzZwVvwjMkp9QT5oW6B9w5rGeF7dwFv3ngwSN7iHoWymk16HziMx
FGxzLF5w_20260205_033421_7e7a4ca0	FGxzLF5wuuqBzHsiCCqmEiFRYmGaWSpgCTsdKpxNpump		1770262612	WALLET	ED6WwjDoJXNx1rgAVFAV1CDFbQRxwcWjoDtYqGrsSw7B		WALLET_TIMING_EARLY_ENTER	ED6WwjDoJXNx1rgAVFAV1CDFbQRxwcWjoDtYqGrsSw7B:early:1770262612	5svsxPZ27aF6uNctYYCFw6k2E3V8zxF4gUpLXFoxuZuXY8mnE17xoNZAgcaVkvxcuiu6VcUXfNdmDzDXF4kuYLfB
FGxzLF5w_20260205_033421_7e7a4ca0	FGxzLF5wuuqBzHsiCCqmEiFRYmGaWSpgCTsdKpxNpump		1770262612	WALLET	9caE5XKz6WPUjE2VDWUcM4THR3sz1EgGdjdme8HoV33i		WALLET_TIMING_EARLY_ENTER	9caE5XKz6WPUjE2VDWUcM4THR3sz1EgGdjdme8HoV33i:early:1770262612	5svsxPZ27aF6uNctYYCFw6k2E3V8zxF4gUpLXFoxuZuXY8mnE17xoNZAgcaVkvxcuiu6VcUXfNdmDzDXF4kuYLfB
FGxzLF5w_20260205_033421_7e7a4ca0	FGxzLF5wuuqBzHsiCCqmEiFRYmGaWSpgCTsdKpxNpump		1770262612	WALLET	HFqU5x63VTqvQss8hp11i4wVV8bD44PvwucfZ2bU7gRe		WALLET_TIMING_EARLY_ENTER	HFqU5x63VTqvQss8hp11i4wVV8bD44PvwucfZ2bU7gRe:early:1770262612	5svsxPZ27aF6uNctYYCFw6k2E3V8zxF4gUpLXFoxuZuXY8mnE17xoNZAgcaVkvxcuiu6VcUXfNdmDzDXF4kuYLfB
FGxzLF5w_20260205_033421_7e7a4ca0	FGxzLF5wuuqBzHsiCCqmEiFRYmGaWSpgCTsdKpxNpump		1770262612	WALLET	ste11TMV68LMi1BguM4RQujtbNCZvf1sjsASpqgAvSX		WALLET_TIMING_EARLY_ENTER	ste11TMV68LMi1BguM4RQujtbNCZvf1sjsASpqgAvSX:early:1770262612	3yrRTZn23XekNRGVYztQ2bkn3V93kgRsCPZgvyNjrydr6EH7PiPb4kGDjHLtJdn7SKFHaRRWpGKUendMbaBh928L
FGxzLF5w_20260205_033421_7e7a4ca0	FGxzLF5wuuqBzHsiCCqmEiFRYmGaWSpgCTsdKpxNpump		1770262612	WALLET	3Rz8uD83QsU8wKvZbgWAPvCNDU6Fy8TSZTMcPm3RB6zt		WALLET_TIMING_EARLY_ENTER	3Rz8uD83QsU8wKvZbgWAPvCNDU6Fy8TSZTMcPm3RB6zt:early:1770262612	39cNcfdU9PkemXByFki9M2nRXVXu8nYKGNVMKh734AwEXGabMmj9B5d6qw73QvBov5dZrRvbcZ27pDwYb25eARvg
FGxzLF5w_20260205_033421_7e7a4ca0	FGxzLF5wuuqBzHsiCCqmEiFRYmGaWSpgCTsdKpxNpump		1770262612	WALLET	nozrwQtWhEdrA6W8dkbt9gnUaMs52PdAv5byipnadq3		WALLET_TIMING_EARLY_ENTER	nozrwQtWhEdrA6W8dkbt9gnUaMs52PdAv5byipnadq3:early:1770262612	vkKVC2W11Z9kaHpRZWmD8pvLB56ZGcst2LGDUeU9qVd1Uo9Xvi5S9EXFUHQ5R9TyZDsJxrKr2dzLNStBLhmePRz
FGxzLF5w_20260205_033421_7e7a4ca0	FGxzLF5wuuqBzHsiCCqmEiFRYmGaWSpgCTsdKpxNpump		1770262614	WALLET	4jamdQb2jeA1cMDv9zVGEqj2eSwJr8riB1H9PMVur2mD		WALLET_TIMING_EARLY_ENTER	4jamdQb2jeA1cMDv9zVGEqj2eSwJr8riB1H9PMVur2mD:early:1770262614	65y5tcnX7iHRF9Hh7SgkJ3UQD8gySzS7kAro6HNZqcm1P93NVLYNa3BCRxVAeLBo8GaeL1phRocLDJuideZnozpc
FGxzLF5w_20260205_033421_7e7a4ca0	FGxzLF5wuuqBzHsiCCqmEiFRYmGaWSpgCTsdKpxNpump		1770262614	WALLET	HrTf9CzXR1dRH4Sof5QrpmGWwpwAf3qZzwCsEjQpXcSq		WALLET_TIMING_EARLY_ENTER	HrTf9CzXR1dRH4Sof5QrpmGWwpwAf3qZzwCsEjQpXcSq:early:1770262614	65y5tcnX7iHRF9Hh7SgkJ3UQD8gySzS7kAro6HNZqcm1P93NVLYNa3BCRxVAeLBo8GaeL1phRocLDJuideZnozpc
FGxzLF5w_20260205_033421_7e7a4ca0	FGxzLF5wuuqBzHsiCCqmEiFRYmGaWSpgCTsdKpxNpump		1770262614	WALLET	4c4r4vn99QMvQp8AQzySQ1WZ3DAgJsC67Saxq1xC4QDr		WALLET_TIMING_EARLY_ENTER	4c4r4vn99QMvQp8AQzySQ1WZ3DAgJsC67Saxq1xC4QDr:early:1770262614	65y5tcnX7iHRF9Hh7SgkJ3UQD8gySzS7kAro6HNZqcm1P93NVLYNa3BCRxVAeLBo8GaeL1phRocLDJuideZnozpc
FGxzLF5w_20260205_033421_7e7a4ca0	FGxzLF5wuuqBzHsiCCqmEiFRYmGaWSpgCTsdKpxNpump		1770262615	WALLET	DnAZmkqw2y7nbxTGHkq6VvsLBDuFD8K9QayJryBfZfWo		WALLET_TIMING_EARLY_ENTER	DnAZmkqw2y7nbxTGHkq6VvsLBDuFD8K9QayJryBfZfWo:early:1770262615	4292PagmbnHBFTShJWavn8dHYCSvfQUA7dkKUKpAA6m6NBC26dQHP37ALfegMJVvXjbJdBPgF4wMN2BuYBBQH6cv
FGxzLF5w_20260205_033421_7e7a4ca0	FGxzLF5wuuqBzHsiCCqmEiFRYmGaWSpgCTsdKpxNpump		1770262615	WALLET	DsasVhxNVYDLyGD3sKotkguvD7z9ML5g4fssamkxmC8v		WALLET_TIMING_EARLY_ENTER	DsasVhxNVYDLyGD3sKotkguvD7z9ML5g4fssamkxmC8v:early:1770262615	4292PagmbnHBFTShJWavn8dHYCSvfQUA7dkKUKpAA6m6NBC26dQHP37ALfegMJVvXjbJdBPgF4wMN2BuYBBQH6cv
FGxzLF5w_20260205_033421_7e7a4ca0	FGxzLF5wuuqBzHsiCCqmEiFRYmGaWSpgCTsdKpxNpump		1770262615	WALLET	nozWNju6dY353eMkMqURqwQEoM3SFgEKC6psLCSfUne		WALLET_TIMING_EARLY_ENTER	nozWNju6dY353eMkMqURqwQEoM3SFgEKC6psLCSfUne:early:1770262615	4292PagmbnHBFTShJWavn8dHYCSvfQUA7dkKUKpAA6m6NBC26dQHP37ALfegMJVvXjbJdBPgF4wMN2BuYBBQH6cv
FGxzLF5w_20260205_033421_7e7a4ca0	FGxzLF5wuuqBzHsiCCqmEiFRYmGaWSpgCTsdKpxNpump		1770262615	WALLET	Ey2JEr8hDkgN8qKJGrLf2yFjRhW7rab99HVxwi5rcvJE		WALLET_TIMING_EARLY_ENTER	Ey2JEr8hDkgN8qKJGrLf2yFjRhW7rab99HVxwi5rcvJE:early:1770262615	5PmNuCjVC93X9eLJt9DzbqGEmLV4qr133p3Wh9Dq6z9f7auk7VwXZxMfwoDWxrqsj2Xvhy5wSZZnk8LUGkwS5528
FGxzLF5w_20260205_033421_7e7a4ca0	FGxzLF5wuuqBzHsiCCqmEiFRYmGaWSpgCTsdKpxNpump		1770262615	WALLET	ste11p5x8tJ53H1NbNQsRBg1YNRd4GcVpxtDw8PBpmb		WALLET_TIMING_EARLY_ENTER	ste11p5x8tJ53H1NbNQsRBg1YNRd4GcVpxtDw8PBpmb:early:1770262615	4foVkjJS2atvVHvQBZaSWkcP39yoHb4rHtraGVhUwx5WKEHJCmK6zqkEguGXWUyJ7Xoa9VXaPdgApFw7D2oEujF7
FGxzLF5w_20260205_033421_7e7a4ca0	FGxzLF5wuuqBzHsiCCqmEiFRYmGaWSpgCTsdKpxNpump		1770262616	WALLET	9yFwKcrdqW5RYCxnxATYDWhd92UCiCMQH59K8LjayQ5W		WALLET_TIMING_EARLY_ENTER	9yFwKcrdqW5RYCxnxATYDWhd92UCiCMQH59K8LjayQ5W:early:1770262616	4JP7ijyjmgdF5adBaqtjG2c9gHMZMooNy1wrbFqa3RFXAFdXJBVCdNtVPANiyx6HyHwvc4HkFeLkhu576RGdymqS
FGxzLF5w_20260205_033421_7e7a4ca0	FGxzLF5wuuqBzHsiCCqmEiFRYmGaWSpgCTsdKpxNpump		1770262616	WALLET	astra9xWY93QyfG6yM8zwsKsRodscjQ2uU2HKNL5prk		WALLET_TIMING_EARLY_ENTER	astra9xWY93QyfG6yM8zwsKsRodscjQ2uU2HKNL5prk:early:1770262616	4JP7ijyjmgdF5adBaqtjG2c9gHMZMooNy1wrbFqa3RFXAFdXJBVCdNtVPANiyx6HyHwvc4HkFeLkhu576RGdymqS
FGxzLF5w_20260205_033421_7e7a4ca0	FGxzLF5wuuqBzHsiCCqmEiFRYmGaWSpgCTsdKpxNpump		1770262616	WALLET	CLEe7XHKg8WLC4zmf7EQUWFWMpJie2F9c4BL3Ya5HpcM		WALLET_TIMING_EARLY_ENTER	CLEe7XHKg8WLC4zmf7EQUWFWMpJie2F9c4BL3Ya5HpcM:early:1770262616	5MdH3avSZatFfpskNTCWPwGFfyMPEYxhEQrrXZWuDYCMAwerXiJ2Kx77xATEKM7if1bv3QgWQNWJyPdcHESqzKHK
FGxzLF5w_20260205_033421_7e7a4ca0	FGxzLF5wuuqBzHsiCCqmEiFRYmGaWSpgCTsdKpxNpump		1770262616	WALLET	gasTzr94Pmp4Gf8vknQnqxeYxdgwFjbgdJa4msYRpnB		WALLET_TIMING_EARLY_ENTER	gasTzr94Pmp4Gf8vknQnqxeYxdgwFjbgdJa4msYRpnB:early:1770262616	5MdH3avSZatFfpskNTCWPwGFfyMPEYxhEQrrXZWuDYCMAwerXiJ2Kx77xATEKM7if1bv3QgWQNWJyPdcHESqzKHK
FGxzLF5w_20260205_033421_7e7a4ca0	FGxzLF5wuuqBzHsiCCqmEiFRYmGaWSpgCTsdKpxNpump		1770262619	WALLET	4U42HSwiJhsaR9kszsr84mMFB9gzsxFYzJtJJuaMEfPp		WALLET_TIMING_EARLY_ENTER	4U42HSwiJhsaR9kszsr84mMFB9gzsxFYzJtJJuaMEfPp:early:1770262619	3s7Q73nR1Kv5Vzqnf872m1qJhUoSejqXEXaAjoH8b7uRzLVr9S39TggwaEN9GvfmWRVAkkM8tazNyocLaZg3jt6e
FGxzLF5w_20260205_033421_7e7a4ca0	FGxzLF5wuuqBzHsiCCqmEiFRYmGaWSpgCTsdKpxNpump		1770262619	WALLET	noz6uoYCDijhu1V7cutCpwxNiSovEwLdRHPwmgCGDNo		WALLET_TIMING_EARLY_ENTER	noz6uoYCDijhu1V7cutCpwxNiSovEwLdRHPwmgCGDNo:early:1770262619	UeJGtTb9bidxHCac8AYC5QozM7Ra1SzZhB1T2yRQvDVHxoD9KYuiwN4M9J3ZbGCWp3gKPoXdvy31AXLjaTfyi8H
FGxzLF5w_20260205_033421_7e7a4ca0	FGxzLF5wuuqBzHsiCCqmEiFRYmGaWSpgCTsdKpxNpump		1770262626	WALLET	91wSDRrn2wogJcyLgfLNVwykPPPAi9nd5GXiPyXTmFnM		WALLET_TIMING_EARLY_ENTER	91wSDRrn2wogJcyLgfLNVwykPPPAi9nd5GXiPyXTmFnM:early:1770262626	MtjxAt31KDcnJ1RHDdw9hTB6Gp6WiHqmqRfHoqJkzvjK8cW13kwxqVd4BpaWWVJ2gVbPo1VYQi9KnxDXCD4Uo9M
FGxzLF5w_20260205_033421_7e7a4ca0	FGxzLF5wuuqBzHsiCCqmEiFRYmGaWSpgCTsdKpxNpump		1770262626	WALLET	pfnSAoQWtJCDKnjmR8oduqbZYXr69Q4cFQ6VhgFkvgT		WALLET_TIMING_EARLY_ENTER	pfnSAoQWtJCDKnjmR8oduqbZYXr69Q4cFQ6VhgFkvgT:early:1770262626	MtjxAt31KDcnJ1RHDdw9hTB6Gp6WiHqmqRfHoqJkzvjK8cW13kwxqVd4BpaWWVJ2gVbPo1VYQi9KnxDXCD4Uo9M
FGxzLF5w_20260205_033421_7e7a4ca0	FGxzLF5wuuqBzHsiCCqmEiFRYmGaWSpgCTsdKpxNpump		1770262626	WALLET	2gqc4mEHhr5NCBW6x4yPx9Z4whw3Nqxha8BGahNussjj		WALLET_TIMING_EARLY_ENTER	2gqc4mEHhr5NCBW6x4yPx9Z4whw3Nqxha8BGahNussjj:early:1770262626	MtjxAt31KDcnJ1RHDdw9hTB6Gp6WiHqmqRfHoqJkzvjK8cW13kwxqVd4BpaWWVJ2gVbPo1VYQi9KnxDXCD4Uo9M
FGxzLF5w_20260205_033421_7e7a4ca0	FGxzLF5wuuqBzHsiCCqmEiFRYmGaWSpgCTsdKpxNpump		1770262626	WALLET	6x6FWArMj9vfEbvvXdp3U2MDP9Zjeb979yC6RsSD9KFt		WALLET_TIMING_EARLY_ENTER	6x6FWArMj9vfEbvvXdp3U2MDP9Zjeb979yC6RsSD9KFt:early:1770262626	3qTCVTAZkNT8HyCq7sPebys58ENeReXCR3PWzZxPezvpENAeRWp3KLshVifW8kzPvRKMQi3SvDniQfb78ZgCWefg
FGxzLF5w_20260205_033421_7e7a4ca0	FGxzLF5wuuqBzHsiCCqmEiFRYmGaWSpgCTsdKpxNpump		1770262626	WALLET	6HRgJMRmjaj2svP9GpRbUU5TPzLAHnBW3sHgYVbirWYE		WALLET_TIMING_EARLY_ENTER	6HRgJMRmjaj2svP9GpRbUU5TPzLAHnBW3sHgYVbirWYE:early:1770262626	3qTCVTAZkNT8HyCq7sPebys58ENeReXCR3PWzZxPezvpENAeRWp3KLshVifW8kzPvRKMQi3SvDniQfb78ZgCWefg
FGxzLF5w_20260205_033421_7e7a4ca0	FGxzLF5wuuqBzHsiCCqmEiFRYmGaWSpgCTsdKpxNpump		1770262626	WALLET	7VZNJLSrHqSMz5qoDHzmZZ7eTvoWRwcbRWCv7x1euXtC		WALLET_TIMING_EARLY_ENTER	7VZNJLSrHqSMz5qoDHzmZZ7eTvoWRwcbRWCv7x1euXtC:early:1770262626	5LZsmRrkBQHFVVrKe7Fu4Ro61obTwAeun6oadAX5Ui9xSQNv3SkG2endumuaGprg4NTqBpgpk2MBfeMj3uooRUke
FGxzLF5w_20260205_033421_7e7a4ca0	FGxzLF5wuuqBzHsiCCqmEiFRYmGaWSpgCTsdKpxNpump		1770262626	WALLET	eVi7Gm1YYZLaQzX57uttaN2FZMErK2YP31L5UjWPVWF		WALLET_TIMING_EARLY_ENTER	eVi7Gm1YYZLaQzX57uttaN2FZMErK2YP31L5UjWPVWF:early:1770262626	5LZsmRrkBQHFVVrKe7Fu4Ro61obTwAeun6oadAX5Ui9xSQNv3SkG2endumuaGprg4NTqBpgpk2MBfeMj3uooRUke
FGxzLF5w_20260205_033421_7e7a4ca0	FGxzLF5wuuqBzHsiCCqmEiFRYmGaWSpgCTsdKpxNpump		1770262639	WALLET	7iVCXQn4u6tiTEfNVqbWSEsRdEi69E9oYsSMiepuECwi		WALLET_TIMING_EARLY_ENTER	7iVCXQn4u6tiTEfNVqbWSEsRdEi69E9oYsSMiepuECwi:early:1770262639	5GRcAyJg2TM2X5YukPPeCFuPFUUrkCngiAZp9yQe7QVHALSKkWLBHBSpdeMXHDczmLd335B7BMjf1Aqks4Myj23X
FGxzLF5w_20260205_033421_7e7a4ca0	FGxzLF5wuuqBzHsiCCqmEiFRYmGaWSpgCTsdKpxNpump		1770262639	WALLET	TEMPaMeCRFAS9EKF53Jd6KpHxgL47uWLcpFArU1Fanq		WALLET_TIMING_EARLY_ENTER	TEMPaMeCRFAS9EKF53Jd6KpHxgL47uWLcpFArU1Fanq:early:1770262639	5GRcAyJg2TM2X5YukPPeCFuPFUUrkCngiAZp9yQe7QVHALSKkWLBHBSpdeMXHDczmLd335B7BMjf1Aqks4Myj23X
FGxzLF5w_20260205_033421_7e7a4ca0	FGxzLF5wuuqBzHsiCCqmEiFRYmGaWSpgCTsdKpxNpump		1770262640	WALLET	H99zdFkJZmWZ2SzqMgNsAK2e63frb3SgGVAc4PySr4Ux		WALLET_TIMING_EARLY_ENTER	H99zdFkJZmWZ2SzqMgNsAK2e63frb3SgGVAc4PySr4Ux:early:1770262640	3wM9qUyADdX7AjxBFCBPDUtVHtG71ouzCp87PJC46uvG4SAfDXnR4cE5A71EV2qjwdJGXRMtZbzTnGag3TvdryCa
FGxzLF5w_20260205_033421_7e7a4ca0	FGxzLF5wuuqBzHsiCCqmEiFRYmGaWSpgCTsdKpxNpump		1770262641	WALLET	3wD6eU79Vu3MXJrhuDEthjgPyYyuqqSny3pxfaAntctv		WALLET_TIMING_EARLY_ENTER	3wD6eU79Vu3MXJrhuDEthjgPyYyuqqSny3pxfaAntctv:early:1770262641	5aanu9dBE9UQS8BFanBnjQFUUGjH8h7HfDKRjqi9xnNka5z8yjuLgBjZVXfjArXyL5wy99jKNCyArqWAC2HhZKAu
FGxzLF5w_20260205_033421_7e7a4ca0	FGxzLF5wuuqBzHsiCCqmEiFRYmGaWSpgCTsdKpxNpump		1770262641	WALLET	2xPmKzoboar9gab1kB6swyY5Zoo18u1X2a9zdPwQEx7x		WALLET_TIMING_EARLY_ENTER	2xPmKzoboar9gab1kB6swyY5Zoo18u1X2a9zdPwQEx7x:early:1770262641	5aanu9dBE9UQS8BFanBnjQFUUGjH8h7HfDKRjqi9xnNka5z8yjuLgBjZVXfjArXyL5wy99jKNCyArqWAC2HhZKAu
FGxzLF5w_20260205_033421_7e7a4ca0	FGxzLF5wuuqBzHsiCCqmEiFRYmGaWSpgCTsdKpxNpump		1770262641	WALLET	6TxjC5wJzuuZgTtnTMipwwULEbMPx5JPW3QwWkdTGnrn		WALLET_TIMING_EARLY_ENTER	6TxjC5wJzuuZgTtnTMipwwULEbMPx5JPW3QwWkdTGnrn:early:1770262641	5aanu9dBE9UQS8BFanBnjQFUUGjH8h7HfDKRjqi9xnNka5z8yjuLgBjZVXfjArXyL5wy99jKNCyArqWAC2HhZKAu
FGxzLF5w_20260205_033421_7e7a4ca0	FGxzLF5wuuqBzHsiCCqmEiFRYmGaWSpgCTsdKpxNpump		1770262641	WALLET	8zi6AG7oSKoswSEMaxNmXrwBYmDwuQ4GLiY4Q1j9Rayu		WALLET_TIMING_EARLY_ENTER	8zi6AG7oSKoswSEMaxNmXrwBYmDwuQ4GLiY4Q1j9Rayu:early:1770262641	5aanu9dBE9UQS8BFanBnjQFUUGjH8h7HfDKRjqi9xnNka5z8yjuLgBjZVXfjArXyL5wy99jKNCyArqWAC2HhZKAu
FGxzLF5w_20260205_033421_7e7a4ca0	FGxzLF5wuuqBzHsiCCqmEiFRYmGaWSpgCTsdKpxNpump		1770262641	WALLET	93N1Bi9Zm6VvubTh6wtQTg5VT8wEdgMUTH7ymb6aMLeu		WALLET_TIMING_EARLY_ENTER	93N1Bi9Zm6VvubTh6wtQTg5VT8wEdgMUTH7ymb6aMLeu:early:1770262641	2WSrjbhaKjX3LrREdtkWX1F1P2ChYw1GvGrw3UjwHNFTUbEF8Jmbgez73MGFAfix46EUJZcaZGDXF4zQjNrCgGwC
FGxzLF5w_20260205_033421_7e7a4ca0	FGxzLF5wuuqBzHsiCCqmEiFRYmGaWSpgCTsdKpxNpump		1770262641	WALLET	pfnEJvqLGddJxQTA9DcYLTbVwiFdT3KmLXo6UcnmcgC		WALLET_TIMING_EARLY_ENTER	pfnEJvqLGddJxQTA9DcYLTbVwiFdT3KmLXo6UcnmcgC:early:1770262641	2WSrjbhaKjX3LrREdtkWX1F1P2ChYw1GvGrw3UjwHNFTUbEF8Jmbgez73MGFAfix46EUJZcaZGDXF4zQjNrCgGwC
FGxzLF5w_20260205_033421_7e7a4ca0	FGxzLF5wuuqBzHsiCCqmEiFRYmGaWSpgCTsdKpxNpump		1770262641	WALLET	BUamcw87rgfR3csfUDvnWA5srsreMx1wz6eanz12MUmj		WALLET_TIMING_EARLY_ENTER	BUamcw87rgfR3csfUDvnWA5srsreMx1wz6eanz12MUmj:early:1770262641	2WSrjbhaKjX3LrREdtkWX1F1P2ChYw1GvGrw3UjwHNFTUbEF8Jmbgez73MGFAfix46EUJZcaZGDXF4zQjNrCgGwC
FGxzLF5w_20260205_033421_7e7a4ca0	FGxzLF5wuuqBzHsiCCqmEiFRYmGaWSpgCTsdKpxNpump		1770262641	WALLET	FmWuhzzG2nsEuw4NPXdEDpPdvgYeLjHAnkDy1LtTVjND		WALLET_TIMING_EARLY_ENTER	FmWuhzzG2nsEuw4NPXdEDpPdvgYeLjHAnkDy1LtTVjND:early:1770262641	2rZ9MhqtpMcLj92dJxKu8VV821ZK9MZNJLLxJZmsvUDuruw3VAxtqQLNCn3sUYiwD6ec9xzbMDFaG6E7nRNYbnHw
FGxzLF5w_20260205_033421_7e7a4ca0	FGxzLF5wuuqBzHsiCCqmEiFRYmGaWSpgCTsdKpxNpump		1770262642	WALLET	GvNhggU5MDANNi2Wed9h3AVzBc7dqsfYv7Ec9eeUPce7		WALLET_TIMING_EARLY_ENTER	GvNhggU5MDANNi2Wed9h3AVzBc7dqsfYv7Ec9eeUPce7:early:1770262642	4KRZmgyVYyYdSLzZ2AY3nTVMPJoxyiE9gBnbK9MCptT2HUMq1X4N7XrzSt8uedYioeshfHhRvFpGqrHMeKQ3HCGF
FGxzLF5w_20260205_033421_7e7a4ca0	FGxzLF5wuuqBzHsiCCqmEiFRYmGaWSpgCTsdKpxNpump		1770262642	WALLET	DttWaMuVvTiduZRnguLF7jNxTgiMBZ1hyAumKUiL2KRL		WALLET_TIMING_EARLY_ENTER	DttWaMuVvTiduZRnguLF7jNxTgiMBZ1hyAumKUiL2KRL:early:1770262642	4KRZmgyVYyYdSLzZ2AY3nTVMPJoxyiE9gBnbK9MCptT2HUMq1X4N7XrzSt8uedYioeshfHhRvFpGqrHMeKQ3HCGF
FGxzLF5w_20260205_033421_7e7a4ca0	FGxzLF5wuuqBzHsiCCqmEiFRYmGaWSpgCTsdKpxNpump		1770262644	WALLET	HnnfuREPudg1gRPBPiFyzQukTY9SQpsBdidq86vVtR4E		WALLET_TIMING_EARLY_ENTER	HnnfuREPudg1gRPBPiFyzQukTY9SQpsBdidq86vVtR4E:early:1770262644	32jg4JCWyaefE9n2uy2qGv7NVK9MckP4VHktBwCXENsY8dACjMXMvM4fZFckfmdcJsup7RQDjyvNLYeaa2mvQmfH
FGxzLF5w_20260205_033421_7e7a4ca0	FGxzLF5wuuqBzHsiCCqmEiFRYmGaWSpgCTsdKpxNpump		1770262644	WALLET	CcTNKBhQKYu7nB4eRrRFQoXEvpd6H5QnGKh93pwniBtp		WALLET_TIMING_EARLY_ENTER	CcTNKBhQKYu7nB4eRrRFQoXEvpd6H5QnGKh93pwniBtp:early:1770262644	32jg4JCWyaefE9n2uy2qGv7NVK9MckP4VHktBwCXENsY8dACjMXMvM4fZFckfmdcJsup7RQDjyvNLYeaa2mvQmfH
FGxzLF5w_20260205_033421_7e7a4ca0	FGxzLF5wuuqBzHsiCCqmEiFRYmGaWSpgCTsdKpxNpump		1770262649	WALLET	69pXNdNgSPoBHB4bTqJZkXc9iGuL1joUyvMeJTxZ9NWL		WALLET_TIMING_EARLY_ENTER	69pXNdNgSPoBHB4bTqJZkXc9iGuL1joUyvMeJTxZ9NWL:early:1770262649	37QE1FTbBUcUfXacZhFPj95cy7Wi71vFSZKqSJDhD23wTNs1jf659qbf17sQHaW5C42AAvT23iGfa7d9fjeRAtUy
FGxzLF5w_20260205_033421_7e7a4ca0	FGxzLF5wuuqBzHsiCCqmEiFRYmGaWSpgCTsdKpxNpump		1770262649	WALLET	axmD4LFJopAcbRKCKsrrmovCZZzmKQCMEfs5qEXj8dG		WALLET_TIMING_EARLY_ENTER	axmD4LFJopAcbRKCKsrrmovCZZzmKQCMEfs5qEXj8dG:early:1770262649	37QE1FTbBUcUfXacZhFPj95cy7Wi71vFSZKqSJDhD23wTNs1jf659qbf17sQHaW5C42AAvT23iGfa7d9fjeRAtUy
FGxzLF5w_20260205_033421_7e7a4ca0	FGxzLF5wuuqBzHsiCCqmEiFRYmGaWSpgCTsdKpxNpump		1770262650	WALLET	FS5zUV6KhgNwvM6UCERi5nMAmM7XQeuqvctmpLFKb3P9		WALLET_TIMING_EARLY_ENTER	FS5zUV6KhgNwvM6UCERi5nMAmM7XQeuqvctmpLFKb3P9:early:1770262650	21p1UA2qtqxv5NF5VamRd8u1Sre6jNZX6UVRELp9C4TA3hdoQJNjAq763usmoNmi8GJhobX2fGhtePYT3mcrKqVs
FGxzLF5w_20260205_033421_7e7a4ca0	FGxzLF5wuuqBzHsiCCqmEiFRYmGaWSpgCTsdKpxNpump		1770262650	WALLET	5xcmkxVF8VDyGmzDUj57WbAYUj5z9mVPSrVqaGMEGSea		WALLET_TIMING_EARLY_ENTER	5xcmkxVF8VDyGmzDUj57WbAYUj5z9mVPSrVqaGMEGSea:early:1770262650	21p1UA2qtqxv5NF5VamRd8u1Sre6jNZX6UVRELp9C4TA3hdoQJNjAq763usmoNmi8GJhobX2fGhtePYT3mcrKqVs
FGxzLF5w_20260205_033421_7e7a4ca0	FGxzLF5wuuqBzHsiCCqmEiFRYmGaWSpgCTsdKpxNpump		1770262651	WALLET	Bv5yE8UVTqgFUppUtTrbLBmAgKnQJNdJRQPvE17gyZV2		WALLET_TIMING_EARLY_ENTER	Bv5yE8UVTqgFUppUtTrbLBmAgKnQJNdJRQPvE17gyZV2:early:1770262651	4zeDVfXf1AwoZrxZDffcNh37neReidCnMeJJ83w9TNBF67z5YDNdSmr3G8gudn4azg1Mmhv6U4Xw1FS86aJ6urLB
FGxzLF5w_20260205_033421_7e7a4ca0	FGxzLF5wuuqBzHsiCCqmEiFRYmGaWSpgCTsdKpxNpump		1770262651	WALLET	ASTRa2mTtzDFyjDHdSTMGa5sGg7bdVZNqDCPWH6ZZXax		WALLET_TIMING_EARLY_ENTER	ASTRa2mTtzDFyjDHdSTMGa5sGg7bdVZNqDCPWH6ZZXax:early:1770262651	4zeDVfXf1AwoZrxZDffcNh37neReidCnMeJJ83w9TNBF67z5YDNdSmr3G8gudn4azg1Mmhv6U4Xw1FS86aJ6urLB
FGxzLF5w_20260205_033421_7e7a4ca0	FGxzLF5wuuqBzHsiCCqmEiFRYmGaWSpgCTsdKpxNpump		1770262651	WALLET	ASTrARNVyyJrzDm8QxJ7p3BJF3BVB5vWDXjjVGQEuBAX		WALLET_TIMING_EARLY_ENTER	ASTrARNVyyJrzDm8QxJ7p3BJF3BVB5vWDXjjVGQEuBAX:early:1770262651	54kxCiMm96573FYdVz2fdmhvNnGDSMQTd3CoRebwiqN61DUY2pxHfUHkqBN5LxaM5BHsszgtVJNNXrVJyxU5LtTW
FGxzLF5w_20260205_033421_7e7a4ca0	FGxzLF5wuuqBzHsiCCqmEiFRYmGaWSpgCTsdKpxNpump		1770262652	WALLET	5HPRJrDAzuWFYC9f1uRqsNXVzi7qWUg7k8VLUjBDuQsS		WALLET_TIMING_EARLY_ENTER	5HPRJrDAzuWFYC9f1uRqsNXVzi7qWUg7k8VLUjBDuQsS:early:1770262652	42aPNQs8iwTvaos7nYzBM8sDP5ke4XVef4PTfKvU65Ec55EL1DYdAv8p5gi4hXDDBbNDvDsBAWh6rwgWGUbHWXk4
FGxzLF5w_20260205_033421_7e7a4ca0	FGxzLF5wuuqBzHsiCCqmEiFRYmGaWSpgCTsdKpxNpump		1770262655	WALLET	DJ8jyJWHUcsNzuxszLYRLhKMjSuk7ejmH8WHcExpyXNV		WALLET_TIMING_EARLY_ENTER	DJ8jyJWHUcsNzuxszLYRLhKMjSuk7ejmH8WHcExpyXNV:early:1770262655	29wsJJPMqHiPG9TWV2eEeQk6J4QnNpNC5p4GyDRXdhMA8KnqkA2QwGAJXUkoyumkuLk1CNSfNJUuHsofMSdQ5Z46
FGxzLF5w_20260205_033421_7e7a4ca0	FGxzLF5wuuqBzHsiCCqmEiFRYmGaWSpgCTsdKpxNpump		1770262657	WALLET	4jkL4dNkY2UbpYrTgLA3u5FqKwKs1LM46RcE6FQU3qXi		WALLET_TIMING_EARLY_ENTER	4jkL4dNkY2UbpYrTgLA3u5FqKwKs1LM46RcE6FQU3qXi:early:1770262657	2XkGVmwjBv4zR5LL4KJbBJewZmKSZEKYEFVz61oCF1Pr2W6tbQHjEJ1A5Gptv2bk7WzQPrB9CnVdEK3cuv2kdYBy
FGxzLF5w_20260205_033421_7e7a4ca0	FGxzLF5wuuqBzHsiCCqmEiFRYmGaWSpgCTsdKpxNpump		1770262657	WALLET	H654R1Jxq4nW47uGLibR6ACfXTEvEvTPDikZmEd2YjP7		WALLET_TIMING_EARLY_ENTER	H654R1Jxq4nW47uGLibR6ACfXTEvEvTPDikZmEd2YjP7:early:1770262657	2XkGVmwjBv4zR5LL4KJbBJewZmKSZEKYEFVz61oCF1Pr2W6tbQHjEJ1A5Gptv2bk7WzQPrB9CnVdEK3cuv2kdYBy
FGxzLF5w_20260205_033421_7e7a4ca0	FGxzLF5wuuqBzHsiCCqmEiFRYmGaWSpgCTsdKpxNpump		1770262660	WALLET	Fm1NtcV8uqq8Ln7afHLHaZiosN67VDo4u7kw5GYNgfrv		WALLET_TIMING_EARLY_ENTER	Fm1NtcV8uqq8Ln7afHLHaZiosN67VDo4u7kw5GYNgfrv:early:1770262660	4AzrEoe3q2jEqxb9bnZw5bCSodVVRTLQKLswXgPSTnM4BC6vFRLUJg3daNqnjuw7ZZn1crdn62kas3q2NURkDKWQ
FGxzLF5w_20260205_033421_7e7a4ca0	FGxzLF5wuuqBzHsiCCqmEiFRYmGaWSpgCTsdKpxNpump		1770262661	WALLET	24JRhwjxhcS5K1aPb86p3G1bBDW3mqNcKqCAzBZ2DhrX		WALLET_TIMING_EARLY_ENTER	24JRhwjxhcS5K1aPb86p3G1bBDW3mqNcKqCAzBZ2DhrX:early:1770262661	4wtBh7iCEoLoDpF7b8wk3QVZefVwdKpHg71pehfJcA1RKqS7QcCrupQmfPPDrJNGGXZ7j9tvo7ffNxsJhkRFyCzz
FGxzLF5w_20260205_033421_7e7a4ca0	FGxzLF5wuuqBzHsiCCqmEiFRYmGaWSpgCTsdKpxNpump		1770262661	WALLET	FLASHRzANfcAKDuQ3RXv9hbkBy4WVEKDzoAgxJ56DiE4		WALLET_TIMING_EARLY_ENTER	FLASHRzANfcAKDuQ3RXv9hbkBy4WVEKDzoAgxJ56DiE4:early:1770262661	4wtBh7iCEoLoDpF7b8wk3QVZefVwdKpHg71pehfJcA1RKqS7QcCrupQmfPPDrJNGGXZ7j9tvo7ffNxsJhkRFyCzz
FGxzLF5w_20260205_033421_7e7a4ca0	FGxzLF5wuuqBzHsiCCqmEiFRYmGaWSpgCTsdKpxNpump		1770262664	WALLET	dBhdrmwBkRa66XxBuAK4WZeZnsZ6bHeHCCLXa3a8bTJ		WALLET_TIMING_EARLY_ENTER	dBhdrmwBkRa66XxBuAK4WZeZnsZ6bHeHCCLXa3a8bTJ:early:1770262664	63BftuqjuuBuaBvSto8Zt6BxqBSRBU5vGueg7wS7jL3nwaeA932iPmwY9pqwNvWx1ABacP7BKSeJHdg221Lfv3Ct
FGxzLF5w_20260205_033421_7e7a4ca0	FGxzLF5wuuqBzHsiCCqmEiFRYmGaWSpgCTsdKpxNpump		1770262664	WALLET	8FoxPbnucCZ3wuzhMofKE5VdYKcHfWmYNrnC2whVBAhS		WALLET_TIMING_EARLY_ENTER	8FoxPbnucCZ3wuzhMofKE5VdYKcHfWmYNrnC2whVBAhS:early:1770262664	63BftuqjuuBuaBvSto8Zt6BxqBSRBU5vGueg7wS7jL3nwaeA932iPmwY9pqwNvWx1ABacP7BKSeJHdg221Lfv3Ct
FGxzLF5w_20260205_033421_7e7a4ca0	FGxzLF5wuuqBzHsiCCqmEiFRYmGaWSpgCTsdKpxNpump		1770262665	WALLET	vHMW4ktftYQR3wREp6gSLDA6DqT2hvpyjvM1vhe5eFv		WALLET_TIMING_EARLY_ENTER	vHMW4ktftYQR3wREp6gSLDA6DqT2hvpyjvM1vhe5eFv:early:1770262665	3BQ7HrortjDBN8zjq2TTc9FdJfEBEtGDtaDmmy5yjH4rVztYhsQhaxDXF67e24Knsx6rRPKkizg7gVDUpaVodPFC
FGxzLF5w_20260205_033421_7e7a4ca0	FGxzLF5wuuqBzHsiCCqmEiFRYmGaWSpgCTsdKpxNpump		1770262665	WALLET	nozc5yT15LazbLTFVZzoNZCwjh3yUtW86LoUyqsBu4L		WALLET_TIMING_EARLY_ENTER	nozc5yT15LazbLTFVZzoNZCwjh3yUtW86LoUyqsBu4L:early:1770262665	3BQ7HrortjDBN8zjq2TTc9FdJfEBEtGDtaDmmy5yjH4rVztYhsQhaxDXF67e24Knsx6rRPKkizg7gVDUpaVodPFC
FGxzLF5w_20260205_033421_7e7a4ca0	FGxzLF5wuuqBzHsiCCqmEiFRYmGaWSpgCTsdKpxNpump		1770262665	WALLET	ste11MWPjXCRfQryCshzi86SGhuXjF4Lv6xMXD2AoSt		WALLET_TIMING_EARLY_ENTER	ste11MWPjXCRfQryCshzi86SGhuXjF4Lv6xMXD2AoSt:early:1770262665	HzCkso2TsV7rxuz3H7iELUDZ41NUUeBNRnBg6vEgmhEMwVGXUPHnxNF9giXrHdWA9P6GAp3xskMAvCh7zvDXfyu
FGxzLF5w_20260205_033421_7e7a4ca0	FGxzLF5wuuqBzHsiCCqmEiFRYmGaWSpgCTsdKpxNpump		1770262665	WALLET	CwvxUpisST4RwXGwQu2yM3VK2DTrWpwpR17w7eYBxTTt		WALLET_TIMING_EARLY_ENTER	CwvxUpisST4RwXGwQu2yM3VK2DTrWpwpR17w7eYBxTTt:early:1770262665	3Lm3V3U48ZDvSGSwTJSCWfvd4cbB73kHJgUXbL5q9ymD624vcLYaA4aMndSZjj8tmq4LuZxhWU4ipi5e7w4Xd6VQ
FGxzLF5w_20260205_033421_7e7a4ca0	FGxzLF5wuuqBzHsiCCqmEiFRYmGaWSpgCTsdKpxNpump		1770262665	WALLET	7qRmAjUqCRaEBcCtQWyBWZxBYkZdAPKzw7KSXrJYLR7d		WALLET_TIMING_EARLY_ENTER	7qRmAjUqCRaEBcCtQWyBWZxBYkZdAPKzw7KSXrJYLR7d:early:1770262665	3Lm3V3U48ZDvSGSwTJSCWfvd4cbB73kHJgUXbL5q9ymD624vcLYaA4aMndSZjj8tmq4LuZxhWU4ipi5e7w4Xd6VQ
FGxzLF5w_20260205_033421_7e7a4ca0	FGxzLF5wuuqBzHsiCCqmEiFRYmGaWSpgCTsdKpxNpump		1770262665	WALLET	HeZVpHj9jLwTVtMMbzQRf6mLtFPkWNSg11o68qrbUBa3		WALLET_TIMING_EARLY_ENTER	HeZVpHj9jLwTVtMMbzQRf6mLtFPkWNSg11o68qrbUBa3:early:1770262665	3Lm3V3U48ZDvSGSwTJSCWfvd4cbB73kHJgUXbL5q9ymD624vcLYaA4aMndSZjj8tmq4LuZxhWU4ipi5e7w4Xd6VQ
FGxzLF5w_20260205_033421_7e7a4ca0	FGxzLF5wuuqBzHsiCCqmEiFRYmGaWSpgCTsdKpxNpump		1770262665	WALLET	Cix2bHfqPcKcM233mzxbLk14kSggUUiz2A87fJtGivXr		WALLET_TIMING_EARLY_ENTER	Cix2bHfqPcKcM233mzxbLk14kSggUUiz2A87fJtGivXr:early:1770262665	3Lm3V3U48ZDvSGSwTJSCWfvd4cbB73kHJgUXbL5q9ymD624vcLYaA4aMndSZjj8tmq4LuZxhWU4ipi5e7w4Xd6VQ
FGxzLF5w_20260205_033421_7e7a4ca0	FGxzLF5wuuqBzHsiCCqmEiFRYmGaWSpgCTsdKpxNpump		1770262666	WALLET	E88ACTKHagbN4ZsrpEwYh4za7bWWTuLGUqtyji9SkAx2		WALLET_TIMING_EARLY_ENTER	E88ACTKHagbN4ZsrpEwYh4za7bWWTuLGUqtyji9SkAx2:early:1770262666	2MDAs6QWzWvGvNkKE4iQi1zfWQL3C1b7N4uEC8Sq6vmfMqrvuEbwV2AUJJVhUEA4YWfAWNXkdqfYwgYkq5aXgfcf
FGxzLF5w_20260205_033421_7e7a4ca0	FGxzLF5wuuqBzHsiCCqmEiFRYmGaWSpgCTsdKpxNpump		1770262666	WALLET	ydgnMdz3yF648zo98xqKg4iXqrR4Qr6NURpwWBNz9mh		WALLET_TIMING_EARLY_ENTER	ydgnMdz3yF648zo98xqKg4iXqrR4Qr6NURpwWBNz9mh:early:1770262666	2MDAs6QWzWvGvNkKE4iQi1zfWQL3C1b7N4uEC8Sq6vmfMqrvuEbwV2AUJJVhUEA4YWfAWNXkdqfYwgYkq5aXgfcf
FGxzLF5w_20260205_033421_7e7a4ca0	FGxzLF5wuuqBzHsiCCqmEiFRYmGaWSpgCTsdKpxNpump		1770262666	WALLET	JDxQoXGFRwEojWzkirDNeHz88SDEPzdDakjsobJ4YHrj		WALLET_TIMING_EARLY_ENTER	JDxQoXGFRwEojWzkirDNeHz88SDEPzdDakjsobJ4YHrj:early:1770262666	2MDAs6QWzWvGvNkKE4iQi1zfWQL3C1b7N4uEC8Sq6vmfMqrvuEbwV2AUJJVhUEA4YWfAWNXkdqfYwgYkq5aXgfcf
FGxzLF5w_20260205_033421_7e7a4ca0	FGxzLF5wuuqBzHsiCCqmEiFRYmGaWSpgCTsdKpxNpump		1770262667	WALLET	J8RVMTxsQ84RVA1DDTgZBeMANAoD3aVWkfgGLD3ZdL7v		WALLET_TIMING_EARLY_ENTER	J8RVMTxsQ84RVA1DDTgZBeMANAoD3aVWkfgGLD3ZdL7v:early:1770262667	3rp8pnWfiXRmp6VX7KMUwCaQKnsCo9DGLTtvo8T9qx33vRqG255emtTJcHv9Cqvrv9adR1ZEAQ3FVDgeqfEqLDDD
FGxzLF5w_20260205_033421_7e7a4ca0	FGxzLF5wuuqBzHsiCCqmEiFRYmGaWSpgCTsdKpxNpump		1770262667	WALLET	pfngGVVQLiVRFbLWw3Ektiv17ef9NiRZbcgdAhh4ZEW		WALLET_TIMING_EARLY_ENTER	pfngGVVQLiVRFbLWw3Ektiv17ef9NiRZbcgdAhh4ZEW:early:1770262667	3rp8pnWfiXRmp6VX7KMUwCaQKnsCo9DGLTtvo8T9qx33vRqG255emtTJcHv9Cqvrv9adR1ZEAQ3FVDgeqfEqLDDD
FGxzLF5w_20260205_033421_7e7a4ca0	FGxzLF5wuuqBzHsiCCqmEiFRYmGaWSpgCTsdKpxNpump		1770262667	WALLET	95rSY6FWnYs4XTEvDuDW52s9xxyFZN6nBaQFfgBAj5op		WALLET_TIMING_EARLY_ENTER	95rSY6FWnYs4XTEvDuDW52s9xxyFZN6nBaQFfgBAj5op:early:1770262667	3rp8pnWfiXRmp6VX7KMUwCaQKnsCo9DGLTtvo8T9qx33vRqG255emtTJcHv9Cqvrv9adR1ZEAQ3FVDgeqfEqLDDD
FGxzLF5w_20260205_033421_7e7a4ca0	FGxzLF5wuuqBzHsiCCqmEiFRYmGaWSpgCTsdKpxNpump		1770262668	WALLET	GQPFicsy3P3NXxB5piJohoxACqTvWE9fKpLgdsMduoHE		WALLET_TIMING_EARLY_ENTER	GQPFicsy3P3NXxB5piJohoxACqTvWE9fKpLgdsMduoHE:early:1770262668	5Y4GH3YcJWDYQrRRwKEYwVbirR1AxZDQkELKufSb9KUmxcC9ozUxREadBgYh8o9JLXX3krRgit3MmuBwxpnFUxHx
FGxzLF5w_20260205_033421_7e7a4ca0	FGxzLF5wuuqBzHsiCCqmEiFRYmGaWSpgCTsdKpxNpump		1770262671	WALLET	4HbrwU29sxsSvhJGR2WTLrXCS3ma8y3wUE2P2hiEDbip		WALLET_TIMING_EARLY_ENTER	4HbrwU29sxsSvhJGR2WTLrXCS3ma8y3wUE2P2hiEDbip:early:1770262671	4pRqkYQNob4CbrCfwWFiMWc48t1N673bfFSoXDpknNK9fxgjkPWVyFYn3C5bLe9zG88AXAUijxrDZBDQ3a9Z2MkL
FGxzLF5w_20260205_033421_7e7a4ca0	FGxzLF5wuuqBzHsiCCqmEiFRYmGaWSpgCTsdKpxNpump		1770262672	WALLET	3VqsqGSSrEXDPgLirhT9cpTnG8kFfvKgUamerUgZ4Xqg		WALLET_TIMING_EARLY_ENTER	3VqsqGSSrEXDPgLirhT9cpTnG8kFfvKgUamerUgZ4Xqg:early:1770262672	36HsDLP7JWibJUUyoL3Uqkts871RRQnWPw8dmKJkkRTmt2w94oHJVHisGrXT5Af1qjxcP64kFHLkotBoaYXY8TQc
FGxzLF5w_20260205_033421_7e7a4ca0	FGxzLF5wuuqBzHsiCCqmEiFRYmGaWSpgCTsdKpxNpump		1770262672	WALLET	9SesJbbK5zTFEBweA8xTDK8oQVnGT1NLuNUVSUtwr2zM		WALLET_TIMING_EARLY_ENTER	9SesJbbK5zTFEBweA8xTDK8oQVnGT1NLuNUVSUtwr2zM:early:1770262672	36HsDLP7JWibJUUyoL3Uqkts871RRQnWPw8dmKJkkRTmt2w94oHJVHisGrXT5Af1qjxcP64kFHLkotBoaYXY8TQc
FGxzLF5w_20260205_033421_7e7a4ca0	FGxzLF5wuuqBzHsiCCqmEiFRYmGaWSpgCTsdKpxNpump		1770262676	WALLET	42XDfGaWHgTaUAaneQbZmuE9zW4QT6D32QpishJpfFJG		WALLET_TIMING_EARLY_ENTER	42XDfGaWHgTaUAaneQbZmuE9zW4QT6D32QpishJpfFJG:early:1770262676	2fQXUdjjMjW3a2oV8V3DpCEy4L7qotMCp88VKkdc7uCSM5USVszwkZKEbEJ9R7amQ4zbSVdn5gRD16PZxmx2NYs
FGxzLF5w_20260205_033421_7e7a4ca0	FGxzLF5wuuqBzHsiCCqmEiFRYmGaWSpgCTsdKpxNpump		1770262676	WALLET	FMSqHbL2yUbDiH8rEnCGusx4jjzXcqRzY9ohgZaWU4xU		WALLET_TIMING_EARLY_ENTER	FMSqHbL2yUbDiH8rEnCGusx4jjzXcqRzY9ohgZaWU4xU:early:1770262676	2fQXUdjjMjW3a2oV8V3DpCEy4L7qotMCp88VKkdc7uCSM5USVszwkZKEbEJ9R7amQ4zbSVdn5gRD16PZxmx2NYs
FGxzLF5w_20260205_033421_7e7a4ca0	FGxzLF5wuuqBzHsiCCqmEiFRYmGaWSpgCTsdKpxNpump		1770262676	WALLET	EmYboBF7EHV9Wemfoy5E18nq3VY3CtNLfHveoh4TomK7		WALLET_TIMING_EARLY_ENTER	EmYboBF7EHV9Wemfoy5E18nq3VY3CtNLfHveoh4TomK7:early:1770262676	4yLq2zFdiLJi1CBPPspmi7g62TcPgx9QuofsC9ekAXWZDtUk3juH6PCfA6Kvv2H1UbdopiekUimGSr9W8wUfGxy4
FGxzLF5w_20260205_033421_7e7a4ca0	FGxzLF5wuuqBzHsiCCqmEiFRYmGaWSpgCTsdKpxNpump		1770262676	WALLET	axmhpocX3hU7nT7KtsLBzNBR1Ur3HtU22Q5P313FREY		WALLET_TIMING_EARLY_ENTER	axmhpocX3hU7nT7KtsLBzNBR1Ur3HtU22Q5P313FREY:early:1770262676	4yLq2zFdiLJi1CBPPspmi7g62TcPgx9QuofsC9ekAXWZDtUk3juH6PCfA6Kvv2H1UbdopiekUimGSr9W8wUfGxy4
FGxzLF5w_20260205_033421_7e7a4ca0	FGxzLF5wuuqBzHsiCCqmEiFRYmGaWSpgCTsdKpxNpump		1770262678	WALLET	3Qw7g6hniuLCpUUUm4tHeaMXtQ2XStrcmMz33ESbaYj2		WALLET_TIMING_EARLY_ENTER	3Qw7g6hniuLCpUUUm4tHeaMXtQ2XStrcmMz33ESbaYj2:early:1770262678	Gb3HoyBCBtfzozBSbD8yeLwdPeJzC4R1KLRTbDWujB4x6qELj9LCSBgQ4C4yErdcnArJ3TfZmizhJPgNKwjjtJP
FGxzLF5w_20260205_033421_7e7a4ca0	FGxzLF5wuuqBzHsiCCqmEiFRYmGaWSpgCTsdKpxNpump		1770262678	WALLET	6MgjyQU7G988jgL6EGAgfHYoeesCnwYMyPeh1fpJ71FP		WALLET_TIMING_EARLY_ENTER	6MgjyQU7G988jgL6EGAgfHYoeesCnwYMyPeh1fpJ71FP:early:1770262678	Gb3HoyBCBtfzozBSbD8yeLwdPeJzC4R1KLRTbDWujB4x6qELj9LCSBgQ4C4yErdcnArJ3TfZmizhJPgNKwjjtJP
FGxzLF5w_20260205_033421_7e7a4ca0	FGxzLF5wuuqBzHsiCCqmEiFRYmGaWSpgCTsdKpxNpump		1770262680	WALLET	833Ckzwh4gDiZoFiSVyuGktRmKWLn9UD4nRzdJ8HSmSx		WALLET_TIMING_EARLY_ENTER	833Ckzwh4gDiZoFiSVyuGktRmKWLn9UD4nRzdJ8HSmSx:early:1770262680	txc1urPte9iyFhySytNDkh7oE86SMRZRPHTUbN5zs3TvWCuvtnV7B2yH1gE7dSfVHPJzJKMqZ1XheigJk6gWkag
FGxzLF5w_20260205_033421_7e7a4ca0	FGxzLF5wuuqBzHsiCCqmEiFRYmGaWSpgCTsdKpxNpump		1770262680	WALLET	7HeD6sLLqAnKVRuSfc1Ko3BSPMNKWgGTiWLKXJF31vKM		WALLET_TIMING_EARLY_ENTER	7HeD6sLLqAnKVRuSfc1Ko3BSPMNKWgGTiWLKXJF31vKM:early:1770262680	txc1urPte9iyFhySytNDkh7oE86SMRZRPHTUbN5zs3TvWCuvtnV7B2yH1gE7dSfVHPJzJKMqZ1XheigJk6gWkag
FGxzLF5w_20260205_033421_7e7a4ca0	FGxzLF5wuuqBzHsiCCqmEiFRYmGaWSpgCTsdKpxNpump		1770262680	WALLET	Fi25YeRjcBjXNgmnNfeQncG1ACnyqJxefEheZuTZHKzt		WALLET_TIMING_EARLY_ENTER	Fi25YeRjcBjXNgmnNfeQncG1ACnyqJxefEheZuTZHKzt:early:1770262680	txc1urPte9iyFhySytNDkh7oE86SMRZRPHTUbN5zs3TvWCuvtnV7B2yH1gE7dSfVHPJzJKMqZ1XheigJk6gWkag
FGxzLF5w_20260205_033421_7e7a4ca0	FGxzLF5wuuqBzHsiCCqmEiFRYmGaWSpgCTsdKpxNpump		1770262682	WALLET	H4hAW2ssmB8yAqJkQimPCbnJA8jCiDjTaj9seo1426ff		WALLET_TIMING_EARLY_ENTER	H4hAW2ssmB8yAqJkQimPCbnJA8jCiDjTaj9seo1426ff:early:1770262682	2vyLeoKAmS6BU36xqCY3uVczxTndtfu1jnned15bJ1XPK15p4f4zFjxJxMWY9hzNxyyFXoc3vszVGJUTAtfkGbdC
FGxzLF5w_20260205_033421_7e7a4ca0	FGxzLF5wuuqBzHsiCCqmEiFRYmGaWSpgCTsdKpxNpump		1770262682	WALLET	cJt4hEhuakaoCDcorKPKxoNg2KwufTLhmQeetpmtoB4		WALLET_TIMING_EARLY_ENTER	cJt4hEhuakaoCDcorKPKxoNg2KwufTLhmQeetpmtoB4:early:1770262682	b1FiXCmUzU6cjkJmxr3vGaWyDQphbvitA6RiKcxN2nbvH4UoZjtrLZfMugkYojnxpUGAMuvZDg6dyNK6UXVr4hV
FGxzLF5w_20260205_033421_7e7a4ca0	FGxzLF5wuuqBzHsiCCqmEiFRYmGaWSpgCTsdKpxNpump		1770262682	WALLET	Gywj98ophM7GmkDdaWs4isqZnDdFCW7B46TXmKfvyqSm		WALLET_TIMING_EARLY_ENTER	Gywj98ophM7GmkDdaWs4isqZnDdFCW7B46TXmKfvyqSm:early:1770262682	b1FiXCmUzU6cjkJmxr3vGaWyDQphbvitA6RiKcxN2nbvH4UoZjtrLZfMugkYojnxpUGAMuvZDg6dyNK6UXVr4hV
FGxzLF5w_20260205_033421_7e7a4ca0	FGxzLF5wuuqBzHsiCCqmEiFRYmGaWSpgCTsdKpxNpump		1770262682	WALLET	CLrpvDDi23V15TkRWS4bqAr3N2cFFXKTfYHvJ59FNd71		WALLET_TIMING_EARLY_ENTER	CLrpvDDi23V15TkRWS4bqAr3N2cFFXKTfYHvJ59FNd71:early:1770262682	4EYoHh5BLnjN95dgH8a3RNtPjNLiZr6DGM9zSc9aMYpPoTgLdefNbj857ZdcE4rqPkm4YtCkVeq39frP4KSt9MhN
FGxzLF5w_20260205_033421_7e7a4ca0	FGxzLF5wuuqBzHsiCCqmEiFRYmGaWSpgCTsdKpxNpump		1770262682	WALLET	Dy7FKkNdjZWQxgFMVrpG6BLn3opuF9msLkkKhCBnQ5Ub		WALLET_TIMING_EARLY_ENTER	Dy7FKkNdjZWQxgFMVrpG6BLn3opuF9msLkkKhCBnQ5Ub:early:1770262682	4EYoHh5BLnjN95dgH8a3RNtPjNLiZr6DGM9zSc9aMYpPoTgLdefNbj857ZdcE4rqPkm4YtCkVeq39frP4KSt9MhN
FGxzLF5w_20260205_033421_7e7a4ca0	FGxzLF5wuuqBzHsiCCqmEiFRYmGaWSpgCTsdKpxNpump		1770262682	WALLET	nozievPk7HyK1Rqy1MPJwVQ7qQg2QoJGyP71oeDwbsu		WALLET_TIMING_EARLY_ENTER	nozievPk7HyK1Rqy1MPJwVQ7qQg2QoJGyP71oeDwbsu:early:1770262682	5wvrJTW6cTr1M4WTsThjDiZeH1DFHdyqdF9YQUPe2vYcUreVvdEpLJMZfZtfBuyMQTZk25WKwT1EnCyeCxGnzPae
FGxzLF5w_20260205_033421_7e7a4ca0	FGxzLF5wuuqBzHsiCCqmEiFRYmGaWSpgCTsdKpxNpump		1770262683	WALLET	ENnZhS5eer1WGMFhYXss45VpKTEJo9S1g1EoKHXc8Y3F		WALLET_TIMING_EARLY_ENTER	ENnZhS5eer1WGMFhYXss45VpKTEJo9S1g1EoKHXc8Y3F:early:1770262683	3MYeG6ji4dWzrq4uhheym53mxA4qiphTLdkGZ766wsbJq8XUAoAoLU1e5e7Nrk7XrrpEo8yZKwLXs7qPNQ5kSXU
FGxzLF5w_20260205_033421_7e7a4ca0	FGxzLF5wuuqBzHsiCCqmEiFRYmGaWSpgCTsdKpxNpump		1770262683	WALLET	NCinH3BhWDSdm3sQk8nP3KJGT2RKMS4AJHuMT3QvUvp		WALLET_TIMING_EARLY_ENTER	NCinH3BhWDSdm3sQk8nP3KJGT2RKMS4AJHuMT3QvUvp:early:1770262683	3MYeG6ji4dWzrq4uhheym53mxA4qiphTLdkGZ766wsbJq8XUAoAoLU1e5e7Nrk7XrrpEo8yZKwLXs7qPNQ5kSXU
FGxzLF5w_20260205_033421_7e7a4ca0	FGxzLF5wuuqBzHsiCCqmEiFRYmGaWSpgCTsdKpxNpump		1770262683	WALLET	3t9EKmRiAUcQUYzTZpNojzeGP1KBAVEEbDNmy6wECQpK		WALLET_TIMING_EARLY_ENTER	3t9EKmRiAUcQUYzTZpNojzeGP1KBAVEEbDNmy6wECQpK:early:1770262683	3MYeG6ji4dWzrq4uhheym53mxA4qiphTLdkGZ766wsbJq8XUAoAoLU1e5e7Nrk7XrrpEo8yZKwLXs7qPNQ5kSXU
FGxzLF5w_20260205_033421_7e7a4ca0	FGxzLF5wuuqBzHsiCCqmEiFRYmGaWSpgCTsdKpxNpump		1770262683	WALLET	GQgHdPuDNcss3BoKrMfS6bgGekjitmKQRJxnuhUBu921		WALLET_TIMING_EARLY_ENTER	GQgHdPuDNcss3BoKrMfS6bgGekjitmKQRJxnuhUBu921:early:1770262683	3MYeG6ji4dWzrq4uhheym53mxA4qiphTLdkGZ766wsbJq8XUAoAoLU1e5e7Nrk7XrrpEo8yZKwLXs7qPNQ5kSXU
FGxzLF5w_20260205_033421_7e7a4ca0	FGxzLF5wuuqBzHsiCCqmEiFRYmGaWSpgCTsdKpxNpump		1770262684	WALLET	9UnS9ADBRHJb4mWHjDoa2g1FdmkTegc1CdrvdJLqjZJ8		WALLET_TIMING_EARLY_ENTER	9UnS9ADBRHJb4mWHjDoa2g1FdmkTegc1CdrvdJLqjZJ8:early:1770262684	KkmZPqQsmecM4CZH47iUUnmvw5LdFHpDASm2rErqdTMzA6RckKRna6fWWd8UjvgFprzMqzHGjxZpMwtJdtDva9k
FGxzLF5w_20260205_033421_7e7a4ca0	FGxzLF5wuuqBzHsiCCqmEiFRYmGaWSpgCTsdKpxNpump		1770262684	WALLET	EWQvJ2eUsNtHzfSMyvrBNdREy9GmfaKAZpEnKYCe4CDG		WALLET_TIMING_EARLY_ENTER	EWQvJ2eUsNtHzfSMyvrBNdREy9GmfaKAZpEnKYCe4CDG:early:1770262684	4BrasHPDn662EALoXB2UFeaff8qzhm5UYBWokimyoyZTh7TukSq5tt8MzgTZWCqFEYGbz1MhizMVkYRj4t4DY2F1
FGxzLF5w_20260205_033421_7e7a4ca0	FGxzLF5wuuqBzHsiCCqmEiFRYmGaWSpgCTsdKpxNpump		1770262684	WALLET	CqxkdNhMCZsAajTwFcsMgPhzsd1KmdNLJFUHAsihmk8F		WALLET_TIMING_EARLY_ENTER	CqxkdNhMCZsAajTwFcsMgPhzsd1KmdNLJFUHAsihmk8F:early:1770262684	mgDHx6p6sf9nvK82fqVBCjdRwPMJzPdL7uKy1QuYws2QPCJMNnFwcCez9H6Sc3gUTQT71kf2YVAVfjR8heUCb6P
FGxzLF5w_20260205_033421_7e7a4ca0	FGxzLF5wuuqBzHsiCCqmEiFRYmGaWSpgCTsdKpxNpump		1770262684	WALLET	azhtEMUx4xCGZ26z3KrgwJTMSSvoMBgpoCazPBuGrqN		WALLET_TIMING_EARLY_ENTER	azhtEMUx4xCGZ26z3KrgwJTMSSvoMBgpoCazPBuGrqN:early:1770262684	mgDHx6p6sf9nvK82fqVBCjdRwPMJzPdL7uKy1QuYws2QPCJMNnFwcCez9H6Sc3gUTQT71kf2YVAVfjR8heUCb6P
FGxzLF5w_20260205_033421_7e7a4ca0	FGxzLF5wuuqBzHsiCCqmEiFRYmGaWSpgCTsdKpxNpump		1770262684	WALLET	7JNSZkxAeNytdCrgCaHNtS4DE9PNSxnTNvPkWnGydsx4		WALLET_TIMING_EARLY_ENTER	7JNSZkxAeNytdCrgCaHNtS4DE9PNSxnTNvPkWnGydsx4:early:1770262684	2KmyQw4A5KQ9AJu5vMh4GSarLtnwimyVgPWVADDitesz2w9aRw8iZ8mCPDgYhTGraCMVyi5d3PV1bfb6xrKxDXio
FGxzLF5w_20260205_033421_7e7a4ca0	FGxzLF5wuuqBzHsiCCqmEiFRYmGaWSpgCTsdKpxNpump		1770262684	WALLET	axmMdWvgEnN3NFrxMfTqUURzj9NLhZL2DkHkWCdgiFV		WALLET_TIMING_EARLY_ENTER	axmMdWvgEnN3NFrxMfTqUURzj9NLhZL2DkHkWCdgiFV:early:1770262684	2KmyQw4A5KQ9AJu5vMh4GSarLtnwimyVgPWVADDitesz2w9aRw8iZ8mCPDgYhTGraCMVyi5d3PV1bfb6xrKxDXio
FGxzLF5w_20260205_033421_7e7a4ca0	FGxzLF5wuuqBzHsiCCqmEiFRYmGaWSpgCTsdKpxNpump		1770262685	WALLET	GYzdzMPzVyaVqvUx7ZS4H6k8MxLz9sNTSYiz1GdQUc2n		WALLET_TIMING_EARLY_ENTER	GYzdzMPzVyaVqvUx7ZS4H6k8MxLz9sNTSYiz1GdQUc2n:early:1770262685	2qmVTTnkR2UidHixACqJQKUZSaJoi5eAVphpV69sjJY8gD7SKyLGQURNvKdRTFBJFnJQjsM4DZgFXbkbc5fTxyWa
FGxzLF5w_20260205_033421_7e7a4ca0	FGxzLF5wuuqBzHsiCCqmEiFRYmGaWSpgCTsdKpxNpump		1770262686	WALLET	FBgSzpcWEqKEkAZSgsUvCMK1DSnkSFHK3RUid7T1W6Vw		WALLET_TIMING_EARLY_ENTER	FBgSzpcWEqKEkAZSgsUvCMK1DSnkSFHK3RUid7T1W6Vw:early:1770262686	4cfWYQFRdbNWnWGvHq2jcAJQyFp8U8D7ot3iCPnXbCobxLTqU4Djjm4Uy1b2k2rzXrASVhT4YaCnNhiXEYUmpRR4
FGxzLF5w_20260205_033421_7e7a4ca0	FGxzLF5wuuqBzHsiCCqmEiFRYmGaWSpgCTsdKpxNpump		1770262686	WALLET	ByavsZmYM8PPeNntMuN6Be8NjkugLTxkDteUygjDaLFn		WALLET_TIMING_EARLY_ENTER	ByavsZmYM8PPeNntMuN6Be8NjkugLTxkDteUygjDaLFn:early:1770262686	4cfWYQFRdbNWnWGvHq2jcAJQyFp8U8D7ot3iCPnXbCobxLTqU4Djjm4Uy1b2k2rzXrASVhT4YaCnNhiXEYUmpRR4
FGxzLF5w_20260205_033421_7e7a4ca0	FGxzLF5wuuqBzHsiCCqmEiFRYmGaWSpgCTsdKpxNpump		1770262686	WALLET	CyL8mfycXYbWHVoTTsfvnAfF2MvfcqeQAmmsqNQLxF7g		WALLET_TIMING_EARLY_ENTER	CyL8mfycXYbWHVoTTsfvnAfF2MvfcqeQAmmsqNQLxF7g:early:1770262686	4cfWYQFRdbNWnWGvHq2jcAJQyFp8U8D7ot3iCPnXbCobxLTqU4Djjm4Uy1b2k2rzXrASVhT4YaCnNhiXEYUmpRR4
FGxzLF5w_20260205_033421_7e7a4ca0	FGxzLF5wuuqBzHsiCCqmEiFRYmGaWSpgCTsdKpxNpump		1770262691	WALLET	H5d8DMkLywD7UJ7gkEM2aSsrGEcbQ9DqhmZ3LjPQdM7V		WALLET_TIMING_EARLY_ENTER	H5d8DMkLywD7UJ7gkEM2aSsrGEcbQ9DqhmZ3LjPQdM7V:early:1770262691	59GjzL4cAYvZ2vyh1fdJjPCTC3d6mdNcrfFXjxY65jRQJVWM5XjpP7Zaz7HuhA4GXkRP9EukCk7UnV4vGFxdz2ds
FGxzLF5w_20260205_033421_7e7a4ca0	FGxzLF5wuuqBzHsiCCqmEiFRYmGaWSpgCTsdKpxNpump		1770262691	WALLET	ADaUMid9yfUytqMBgopwjb2DTLSokTSzL1zt6iGPaS49		WALLET_TIMING_EARLY_ENTER	ADaUMid9yfUytqMBgopwjb2DTLSokTSzL1zt6iGPaS49:early:1770262691	59GjzL4cAYvZ2vyh1fdJjPCTC3d6mdNcrfFXjxY65jRQJVWM5XjpP7Zaz7HuhA4GXkRP9EukCk7UnV4vGFxdz2ds
FGxzLF5w_20260205_033421_7e7a4ca0	FGxzLF5wuuqBzHsiCCqmEiFRYmGaWSpgCTsdKpxNpump		1770262691	WALLET	43BLh4qfvmRjU6sHGf56uVUsJ7h54BhtSV63zbPFBfXV		WALLET_TIMING_EARLY_ENTER	43BLh4qfvmRjU6sHGf56uVUsJ7h54BhtSV63zbPFBfXV:early:1770262691	25QkAaL4eRLVTYvpersfvBPMsU3bq38LRpPaUyDG7hQrYTVSrsEHyqNxgThLPCURQCV8mygRThhTY3fDKgzzbZdS
FGxzLF5w_20260205_033421_7e7a4ca0	FGxzLF5wuuqBzHsiCCqmEiFRYmGaWSpgCTsdKpxNpump		1770262691	WALLET	Bn21Xg4TN6hf58rtp7WHADjEU7uiZpcwiEv1PJXHA8iW		WALLET_TIMING_EARLY_ENTER	Bn21Xg4TN6hf58rtp7WHADjEU7uiZpcwiEv1PJXHA8iW:early:1770262691	25QkAaL4eRLVTYvpersfvBPMsU3bq38LRpPaUyDG7hQrYTVSrsEHyqNxgThLPCURQCV8mygRThhTY3fDKgzzbZdS
FGxzLF5w_20260205_033421_7e7a4ca0	FGxzLF5wuuqBzHsiCCqmEiFRYmGaWSpgCTsdKpxNpump		1770262691	WALLET	DfXygSm4jCyNCybVYYK6DwvWqjKee8pbDmJGcLWNDXjh		WALLET_TIMING_EARLY_ENTER	DfXygSm4jCyNCybVYYK6DwvWqjKee8pbDmJGcLWNDXjh:early:1770262691	25QkAaL4eRLVTYvpersfvBPMsU3bq38LRpPaUyDG7hQrYTVSrsEHyqNxgThLPCURQCV8mygRThhTY3fDKgzzbZdS
FGxzLF5w_20260205_033421_7e7a4ca0	FGxzLF5wuuqBzHsiCCqmEiFRYmGaWSpgCTsdKpxNpump		1770262695	WALLET	2rXB77Htx993apxw9vkfoT2nZ2JTqoPdJHJYvgHWd8QR		WALLET_TIMING_EARLY_ENTER	2rXB77Htx993apxw9vkfoT2nZ2JTqoPdJHJYvgHWd8QR:early:1770262695	o8s37xLQA9DL1XextFiLsAJDa6itGG9CbGB5botFrFtKMZbyVyjShB4REEdWcz1eQ7mnYwwYKA7k9CPd5CbFphs
FGxzLF5w_20260205_033421_7e7a4ca0	FGxzLF5wuuqBzHsiCCqmEiFRYmGaWSpgCTsdKpxNpump		1770262695	WALLET	6q1H8tL5BT5VVTWjGmvQsNZHeGjTDjVuYv8NZP7Q4SsG		WALLET_TIMING_EARLY_ENTER	6q1H8tL5BT5VVTWjGmvQsNZHeGjTDjVuYv8NZP7Q4SsG:early:1770262695	o8s37xLQA9DL1XextFiLsAJDa6itGG9CbGB5botFrFtKMZbyVyjShB4REEdWcz1eQ7mnYwwYKA7k9CPd5CbFphs
FGxzLF5w_20260205_033421_7e7a4ca0	FGxzLF5wuuqBzHsiCCqmEiFRYmGaWSpgCTsdKpxNpump		1770262695	WALLET	ByRRgnZenY6W2sddo1VJzX9o4sMU4gPDUkcmgrpGBxRy		WALLET_TIMING_EARLY_ENTER	ByRRgnZenY6W2sddo1VJzX9o4sMU4gPDUkcmgrpGBxRy:early:1770262695	o8s37xLQA9DL1XextFiLsAJDa6itGG9CbGB5botFrFtKMZbyVyjShB4REEdWcz1eQ7mnYwwYKA7k9CPd5CbFphs
FGxzLF5w_20260205_033421_7e7a4ca0	FGxzLF5wuuqBzHsiCCqmEiFRYmGaWSpgCTsdKpxNpump		1770262695	WALLET	DAbjWBKNUs3MCNYNS7tsyyosBzZtjHLpGWA9GbTjX9cq		WALLET_TIMING_EARLY_ENTER	DAbjWBKNUs3MCNYNS7tsyyosBzZtjHLpGWA9GbTjX9cq:early:1770262695	o8s37xLQA9DL1XextFiLsAJDa6itGG9CbGB5botFrFtKMZbyVyjShB4REEdWcz1eQ7mnYwwYKA7k9CPd5CbFphs
FGxzLF5w_20260205_033421_7e7a4ca0	FGxzLF5wuuqBzHsiCCqmEiFRYmGaWSpgCTsdKpxNpump		1770262695	WALLET	AaBFXkkkytnwuFCvZGE6PfdwZmu1y7a2oYnD38SuN4u4		WALLET_TIMING_EARLY_ENTER	AaBFXkkkytnwuFCvZGE6PfdwZmu1y7a2oYnD38SuN4u4:early:1770262695	4zGSmBssRSSyQVCxjo39wEybN9tAv4NJD8SX37YrqrhSzZ1iaDGviNzwabrTuD8748xadbCYC74VP4BZGnf4sGBi
FGxzLF5w_20260205_033421_7e7a4ca0	FGxzLF5wuuqBzHsiCCqmEiFRYmGaWSpgCTsdKpxNpump		1770262695	WALLET	astra4uejePWneqNaJKuFFA8oonqCE1sqF6b45kDMZm		WALLET_TIMING_EARLY_ENTER	astra4uejePWneqNaJKuFFA8oonqCE1sqF6b45kDMZm:early:1770262695	4zGSmBssRSSyQVCxjo39wEybN9tAv4NJD8SX37YrqrhSzZ1iaDGviNzwabrTuD8748xadbCYC74VP4BZGnf4sGBi
FGxzLF5w_20260205_033421_7e7a4ca0	FGxzLF5wuuqBzHsiCCqmEiFRYmGaWSpgCTsdKpxNpump		1770262697	WALLET	7WaL6oKHAKtDtVBNHsSo61XenQFWsbd4KKrS5o1DWAjy		WALLET_TIMING_EARLY_ENTER	7WaL6oKHAKtDtVBNHsSo61XenQFWsbd4KKrS5o1DWAjy:early:1770262697	2umQ7jjS59b7wJfaNsHNRYjhidGUBkicP6R3Npuq62rnKp99iQBAaGPsGYUf9bT5Sm24XRMRirJrK347Jct939Ja
FGxzLF5w_20260205_033421_7e7a4ca0	FGxzLF5wuuqBzHsiCCqmEiFRYmGaWSpgCTsdKpxNpump		1770262697	WALLET	9iSQJvXBhztohrEqc1gvcM4iuKWW74SfTwQFyPTV4Lx		WALLET_TIMING_EARLY_ENTER	9iSQJvXBhztohrEqc1gvcM4iuKWW74SfTwQFyPTV4Lx:early:1770262697	2umQ7jjS59b7wJfaNsHNRYjhidGUBkicP6R3Npuq62rnKp99iQBAaGPsGYUf9bT5Sm24XRMRirJrK347Jct939Ja
FGxzLF5w_20260205_033421_7e7a4ca0	FGxzLF5wuuqBzHsiCCqmEiFRYmGaWSpgCTsdKpxNpump		1770262697	WALLET	3AVi9Tg9Uo68tJfuvoKvqKNWKkC5wPdSSdeBnizKZ6jT		WALLET_TIMING_EARLY_ENTER	3AVi9Tg9Uo68tJfuvoKvqKNWKkC5wPdSSdeBnizKZ6jT:early:1770262697	2umQ7jjS59b7wJfaNsHNRYjhidGUBkicP6R3Npuq62rnKp99iQBAaGPsGYUf9bT5Sm24XRMRirJrK347Jct939Ja
FGxzLF5w_20260205_033421_7e7a4ca0	FGxzLF5wuuqBzHsiCCqmEiFRYmGaWSpgCTsdKpxNpump		1770262697	WALLET	nozFrhfnNGoyqwVuwPAW4aaGqempx4PU6g6D9CJMv7Z		WALLET_TIMING_EARLY_ENTER	nozFrhfnNGoyqwVuwPAW4aaGqempx4PU6g6D9CJMv7Z:early:1770262697	4ZJDGom1ra1VTD9S6skJg6RN6vyMnA7TaZKvt5FaYJXStzgDAobx5G72ZcMqdvhq4fDDvBYpV763cYh51mQuLLyR
FGxzLF5w_20260205_033421_7e7a4ca0	FGxzLF5wuuqBzHsiCCqmEiFRYmGaWSpgCTsdKpxNpump		1770262697	WALLET	ste11JV3MLMM7x7EJUM2sXcJC1H7F4jBLnP9a9PG8PH		WALLET_TIMING_EARLY_ENTER	ste11JV3MLMM7x7EJUM2sXcJC1H7F4jBLnP9a9PG8PH:early:1770262697	3udEqb2yZoZKwnxmomoW5cMtYCzHA1V99deryJiQ5TuzcyG9qY4evE3CBydXseFVsuGwzTJLMqH12ymVXZqnsF7T
FGxzLF5w_20260205_033421_7e7a4ca0	FGxzLF5wuuqBzHsiCCqmEiFRYmGaWSpgCTsdKpxNpump		1770262698	WALLET	D8f3WkQu6dCF33cZxuAsrKHrGsqGP2yvAHf8mX6RXnwf		WALLET_TIMING_EARLY_ENTER	D8f3WkQu6dCF33cZxuAsrKHrGsqGP2yvAHf8mX6RXnwf:early:1770262698	3PWMvGKwiqjTgVD2PrivzbZkyH9UbTL6E9vsVd4Yw4ppZPHp295EYKm55RZyPSEsJheRb4koDL5ZmYeqKZXV2bt4
FGxzLF5w_20260205_033421_7e7a4ca0	FGxzLF5wuuqBzHsiCCqmEiFRYmGaWSpgCTsdKpxNpump		1770262700	WALLET	5nWfK2zTjcYcWhztMLmYMTfL2tLxYd6RMhbeLDeFr2aK		WALLET_TIMING_EARLY_ENTER	5nWfK2zTjcYcWhztMLmYMTfL2tLxYd6RMhbeLDeFr2aK:early:1770262700	2PSrQV4KtZ949WHvyQTE9zyKuV3eFWG4xp41we6oea1gNj1GCq6p4vVUTXF3hRMxSvAioPrsZoaVDpr3hhaz1qvK
FGxzLF5w_20260205_033421_7e7a4ca0	FGxzLF5wuuqBzHsiCCqmEiFRYmGaWSpgCTsdKpxNpump		1770262700	WALLET	4UaSEEyibUgPxPBFr83QbwhUWnDPQHqskkQFbu6fupWY		WALLET_TIMING_EARLY_ENTER	4UaSEEyibUgPxPBFr83QbwhUWnDPQHqskkQFbu6fupWY:early:1770262700	2PSrQV4KtZ949WHvyQTE9zyKuV3eFWG4xp41we6oea1gNj1GCq6p4vVUTXF3hRMxSvAioPrsZoaVDpr3hhaz1qvK
FGxzLF5w_20260205_033421_7e7a4ca0	FGxzLF5wuuqBzHsiCCqmEiFRYmGaWSpgCTsdKpxNpump		1770262701	WALLET	Dmc9WJfdn945wXLfxGSPEseLgybS3sKxVpQi95TgjLPS		WALLET_TIMING_EARLY_ENTER	Dmc9WJfdn945wXLfxGSPEseLgybS3sKxVpQi95TgjLPS:early:1770262701	2ReDQpnSHAgX5ENxXYCaahCtdq6yyr2nQY1qhSfR4TY4uK9NDz7Tx8BRCwH5JXWbxUBwbpRD33qbskx6XWnNZp8k
FGxzLF5w_20260205_033421_7e7a4ca0	FGxzLF5wuuqBzHsiCCqmEiFRYmGaWSpgCTsdKpxNpump		1770262701	WALLET	6ZVaom1E4st8aPUhu4AGVpb2JnXpmsXpWduZfvYtexDX		WALLET_TIMING_EARLY_ENTER	6ZVaom1E4st8aPUhu4AGVpb2JnXpmsXpWduZfvYtexDX:early:1770262701	3vLgfsKmHX7jQU2YX4JGxdPvwVG1CZ5ZhPZHwsoxtwiUbjCh1e27v2qd2daov47BMwhgqFMPghfNR77PaJaCfutg
FGxzLF5w_20260205_033421_7e7a4ca0	FGxzLF5wuuqBzHsiCCqmEiFRYmGaWSpgCTsdKpxNpump		1770262703	WALLET	7BNaxx6KdUYrjACNQZ9He26NBFoFxujQMAfNLnArLGH5		WALLET_TIMING_EARLY_ENTER	7BNaxx6KdUYrjACNQZ9He26NBFoFxujQMAfNLnArLGH5:early:1770262703	5jQ4Txex4uHxtQTDhBRFuUce1RhiBDLj1Ht7qfsToBvFZfSXqFzkDBptmcfjRvtkaNhEtHDDQDsREuzNDpPMbyYL
FGxzLF5w_20260205_033421_7e7a4ca0	FGxzLF5wuuqBzHsiCCqmEiFRYmGaWSpgCTsdKpxNpump		1770262703	WALLET	58zV1EEZKpDKPo26dPWTvWVMcKB5P3NR4rYFevn6QqG2		WALLET_TIMING_EARLY_ENTER	58zV1EEZKpDKPo26dPWTvWVMcKB5P3NR4rYFevn6QqG2:early:1770262703	5jQ4Txex4uHxtQTDhBRFuUce1RhiBDLj1Ht7qfsToBvFZfSXqFzkDBptmcfjRvtkaNhEtHDDQDsREuzNDpPMbyYL
FGxzLF5w_20260205_033421_7e7a4ca0	FGxzLF5wuuqBzHsiCCqmEiFRYmGaWSpgCTsdKpxNpump		1770262703	WALLET	D2L6yPZ2FmmmTKPgzaMKdhu6EWZcTpLy1Vhx8uvZe7NZ		WALLET_TIMING_EARLY_ENTER	D2L6yPZ2FmmmTKPgzaMKdhu6EWZcTpLy1Vhx8uvZe7NZ:early:1770262703	5jQ4Txex4uHxtQTDhBRFuUce1RhiBDLj1Ht7qfsToBvFZfSXqFzkDBptmcfjRvtkaNhEtHDDQDsREuzNDpPMbyYL
FGxzLF5w_20260205_033421_7e7a4ca0	FGxzLF5wuuqBzHsiCCqmEiFRYmGaWSpgCTsdKpxNpump		1770262704	WALLET	6dxqs5PFAhf3mMJny8y5X4xQe1T9XZcfdSzrT9V8Xy13		WALLET_TIMING_EARLY_ENTER	6dxqs5PFAhf3mMJny8y5X4xQe1T9XZcfdSzrT9V8Xy13:early:1770262704	5tNtsueLoC1DiKihyQRGwYfDe3EYWXc3k9jVvtxZjPq2e4zE3B3uZPRgXfn3oK5FKEh7xx8EKBp3G8NeBA98fGZG
FGxzLF5w_20260205_033421_7e7a4ca0	FGxzLF5wuuqBzHsiCCqmEiFRYmGaWSpgCTsdKpxNpump		1770262704	WALLET	AstRaL1TEkvTHBWAYvgGRzq9ViBags5nZGQ5eguABJAX		WALLET_TIMING_EARLY_ENTER	AstRaL1TEkvTHBWAYvgGRzq9ViBags5nZGQ5eguABJAX:early:1770262704	5gMZX6P7WGpLUSHuYEuizN5TmAB9PsjyFdEyNHjsGjoAKwFciFPUFUAUMQe3VHcnDfEuvbLXSBuLFMM5GJ93Dgfs
FGxzLF5w_20260205_033421_7e7a4ca0	FGxzLF5wuuqBzHsiCCqmEiFRYmGaWSpgCTsdKpxNpump		1770262704	WALLET	DwDuvEhq8C9Z3MXofANUdX7Au9hCJWGivQ2CyCuF7CoQ		WALLET_TIMING_EARLY_ENTER	DwDuvEhq8C9Z3MXofANUdX7Au9hCJWGivQ2CyCuF7CoQ:early:1770262704	4Ptaw48TEUox6wrZXm3fDyBsfFrPyKmwyp8pKu1Qtw6jcURJC7C5XB5Ug6R22AzEvH9bjsX7tgBHwgEVXTrRX5KF
FGxzLF5w_20260205_033421_7e7a4ca0	FGxzLF5wuuqBzHsiCCqmEiFRYmGaWSpgCTsdKpxNpump		1770262706	WALLET	ADuUkR4vqLUMWXxW9gh6D6L8pMSawimctcNZ5pGwDcEt		WALLET_TIMING_EARLY_ENTER	ADuUkR4vqLUMWXxW9gh6D6L8pMSawimctcNZ5pGwDcEt:early:1770262706	5vqxmaNaip3ieQWbnwPQTAhwVVoBn82aGqrUEAeZ4gjk2TgN6f3VDF7vDPxuc197hwoZzRGZFgKrCWzJ71wVjrTi
FGxzLF5w_20260205_033421_7e7a4ca0	FGxzLF5wuuqBzHsiCCqmEiFRYmGaWSpgCTsdKpxNpump		1770262710	WALLET	6xDXELcv8WM7XR8ajfpHzSmLzxUBb6vpKerEpeSZ9Wb		WALLET_TIMING_EARLY_ENTER	6xDXELcv8WM7XR8ajfpHzSmLzxUBb6vpKerEpeSZ9Wb:early:1770262710	3dMBbtGMUMW4GdASXLiWdp5kdGtoUhp8ZkTrjcS32Q1vdJv5i1Q6TPsNs3VWWtweBKEmogfd2MejBWVVNUw3qsV5
FGxzLF5w_20260205_033421_7e7a4ca0	FGxzLF5wuuqBzHsiCCqmEiFRYmGaWSpgCTsdKpxNpump		1770262710	WALLET	7BxoFqM3swL46Lt9EWzL9z2LeXYfmJL7MVzpFrDpLPei		WALLET_TIMING_EARLY_ENTER	7BxoFqM3swL46Lt9EWzL9z2LeXYfmJL7MVzpFrDpLPei:early:1770262710	3dMBbtGMUMW4GdASXLiWdp5kdGtoUhp8ZkTrjcS32Q1vdJv5i1Q6TPsNs3VWWtweBKEmogfd2MejBWVVNUw3qsV5
FGxzLF5w_20260205_033421_7e7a4ca0	FGxzLF5wuuqBzHsiCCqmEiFRYmGaWSpgCTsdKpxNpump		1770262713	WALLET	AeagkKpx9yKwppXfnghGdcSyYk1GZ6mGo5KLNkqcSooe		WALLET_TIMING_EARLY_ENTER	AeagkKpx9yKwppXfnghGdcSyYk1GZ6mGo5KLNkqcSooe:early:1770262713	5ubdSkQ4cbyAfFAkaBuoD8rD5NwFzFmxwy8W1VPvq3nHsubuSibVMAzykRfYcxM1m8pXCGLp4nFUtVDZevWxmNSv
FGxzLF5w_20260205_033421_7e7a4ca0	FGxzLF5wuuqBzHsiCCqmEiFRYmGaWSpgCTsdKpxNpump		1770262716	WALLET	aDHnFALsGgKKbKm8QuXPK9pw3PoaciUMnQhD4CHT4nq		WALLET_TIMING_EARLY_ENTER	aDHnFALsGgKKbKm8QuXPK9pw3PoaciUMnQhD4CHT4nq:early:1770262716	2g8MeChGgmxbr85yuFwkYxD4WBipTHHHAnXnnfuyTJRz8Nurio47rB2um2XmBmjYsT9d6geESnoQYuUR4Ugr1JcB
FGxzLF5w_20260205_033421_7e7a4ca0	FGxzLF5wuuqBzHsiCCqmEiFRYmGaWSpgCTsdKpxNpump		1770262723	WALLET	Em8J3gBWapfVBGVhVipwQnLrqCvnWBnLajw6XFsFECPF		WALLET_TIMING_EARLY_ENTER	Em8J3gBWapfVBGVhVipwQnLrqCvnWBnLajw6XFsFECPF:early:1770262723	3ZbG4ty8C2ZFCkuuSEVLviTKWtnQa2p7cTYk9qsgQ7mp6ADuu4fcjJifUyxTRRpUebuDBmtjYtbxijbHW6AQDxos
FGxzLF5w_20260205_033421_7e7a4ca0	FGxzLF5wuuqBzHsiCCqmEiFRYmGaWSpgCTsdKpxNpump		1770262723	WALLET	nozpEGbwx4BcGp6pvEdAh1JoC2CQGZdU6HbNP1v2p6P		WALLET_TIMING_EARLY_ENTER	nozpEGbwx4BcGp6pvEdAh1JoC2CQGZdU6HbNP1v2p6P:early:1770262723	3ZbG4ty8C2ZFCkuuSEVLviTKWtnQa2p7cTYk9qsgQ7mp6ADuu4fcjJifUyxTRRpUebuDBmtjYtbxijbHW6AQDxos
FGxzLF5w_20260205_033421_7e7a4ca0	FGxzLF5wuuqBzHsiCCqmEiFRYmGaWSpgCTsdKpxNpump		1770262725	WALLET	9iktZkn9RPUQmAPXb28kTMgbL2mdrJkX4kHpFgDc4kvi		WALLET_TIMING_EARLY_ENTER	9iktZkn9RPUQmAPXb28kTMgbL2mdrJkX4kHpFgDc4kvi:early:1770262725	2hE6QgKv3xMtQMonPwhtNMRV6QwqnHgmQ9TBqMuAZumHvrAgSMMAppYKqxU6kBwpGWWTbfagMaYZqw4wcs4LGLzC
FGxzLF5w_20260205_033421_7e7a4ca0	FGxzLF5wuuqBzHsiCCqmEiFRYmGaWSpgCTsdKpxNpump		1770262725	WALLET	52gog7uNHU6dXo4gvUUcwmRMxKKUPqGfratRg3o4yKpK		WALLET_TIMING_EARLY_ENTER	52gog7uNHU6dXo4gvUUcwmRMxKKUPqGfratRg3o4yKpK:early:1770262725	2hE6QgKv3xMtQMonPwhtNMRV6QwqnHgmQ9TBqMuAZumHvrAgSMMAppYKqxU6kBwpGWWTbfagMaYZqw4wcs4LGLzC
FGxzLF5w_20260205_033421_7e7a4ca0	FGxzLF5wuuqBzHsiCCqmEiFRYmGaWSpgCTsdKpxNpump		1770262725	WALLET	85aFLtWitHnw2mPnLTj4srrNxNP4WhZXjx8dHhJrHJrN		WALLET_TIMING_EARLY_ENTER	85aFLtWitHnw2mPnLTj4srrNxNP4WhZXjx8dHhJrHJrN:early:1770262725	2hE6QgKv3xMtQMonPwhtNMRV6QwqnHgmQ9TBqMuAZumHvrAgSMMAppYKqxU6kBwpGWWTbfagMaYZqw4wcs4LGLzC
FGxzLF5w_20260205_033421_7e7a4ca0	FGxzLF5wuuqBzHsiCCqmEiFRYmGaWSpgCTsdKpxNpump		1770262732	WALLET	4Ej6m8TntXH4D7fP1eyN6zrSZYUGWTQsvrUbUZ1ACk9L		WALLET_TIMING_EARLY_ENTER	4Ej6m8TntXH4D7fP1eyN6zrSZYUGWTQsvrUbUZ1ACk9L:early:1770262732	21ix25RbwNBsJUEV3SxutiNWgtosh9hEzJ8K91QJDTNDQ4Q5BbbwsCyU4T14jFdyCp8a3RnwuUaeViuAeTj8XSmg
FGxzLF5w_20260205_033421_7e7a4ca0	FGxzLF5wuuqBzHsiCCqmEiFRYmGaWSpgCTsdKpxNpump		1770262732	WALLET	axmWxBPqgRmcBN2cV12quqaQzsk16SazVXq8397KFKu		WALLET_TIMING_EARLY_ENTER	axmWxBPqgRmcBN2cV12quqaQzsk16SazVXq8397KFKu:early:1770262732	21ix25RbwNBsJUEV3SxutiNWgtosh9hEzJ8K91QJDTNDQ4Q5BbbwsCyU4T14jFdyCp8a3RnwuUaeViuAeTj8XSmg
FGxzLF5w_20260205_033421_7e7a4ca0	FGxzLF5wuuqBzHsiCCqmEiFRYmGaWSpgCTsdKpxNpump		1770262732	WALLET	DBSTvZzvV2NEBf9Wbttxgzw7hzyBtiA3FuBLoyqvk1nc		WALLET_TIMING_EARLY_ENTER	DBSTvZzvV2NEBf9Wbttxgzw7hzyBtiA3FuBLoyqvk1nc:early:1770262732	sTnwMcyKPvo9KD8yLDoGnB1YBGDZCfTSMAwchxDyT9JufTSjhfo2NSKnkAu3DTAxoHs4br3bGDP6eRDYtCgjqvm
FGxzLF5w_20260205_033421_7e7a4ca0	FGxzLF5wuuqBzHsiCCqmEiFRYmGaWSpgCTsdKpxNpump		1770262732	WALLET	FQPXYENoVucMGgeyWmWRdaRGeeit8KzjaEV3qnTWzZ1s		WALLET_TIMING_EARLY_ENTER	FQPXYENoVucMGgeyWmWRdaRGeeit8KzjaEV3qnTWzZ1s:early:1770262732	sTnwMcyKPvo9KD8yLDoGnB1YBGDZCfTSMAwchxDyT9JufTSjhfo2NSKnkAu3DTAxoHs4br3bGDP6eRDYtCgjqvm
FGxzLF5w_20260205_033421_7e7a4ca0	FGxzLF5wuuqBzHsiCCqmEiFRYmGaWSpgCTsdKpxNpump		1770262737	WALLET	GTNfpcbxYrZiccLCgweU5xQPhi73KYd3iuYYL4EgJwwM		WALLET_TIMING_EARLY_ENTER	GTNfpcbxYrZiccLCgweU5xQPhi73KYd3iuYYL4EgJwwM:early:1770262737	uLA9j6dQACt4ADMPrdw4mo6srwkB2BKic8qb5wgezdcLsYMQKXEh6hd53uvwEU6cR6ohLGAhh7iCWAJcXP7nYa6
FGxzLF5w_20260205_033421_7e7a4ca0	FGxzLF5wuuqBzHsiCCqmEiFRYmGaWSpgCTsdKpxNpump		1770262737	WALLET	4T75xqf9GGegFAMLqiQP1QWD7HC2sxT9Fnk1gsH2ULrN		WALLET_TIMING_EARLY_ENTER	4T75xqf9GGegFAMLqiQP1QWD7HC2sxT9Fnk1gsH2ULrN:early:1770262737	uLA9j6dQACt4ADMPrdw4mo6srwkB2BKic8qb5wgezdcLsYMQKXEh6hd53uvwEU6cR6ohLGAhh7iCWAJcXP7nYa6
FGxzLF5w_20260205_033421_7e7a4ca0	FGxzLF5wuuqBzHsiCCqmEiFRYmGaWSpgCTsdKpxNpump		1770262738	WALLET	Bsb9sBVBAAPntu12L4jhXuiYYUjw2dpb85NgNmDxNpK1		WALLET_TIMING_EARLY_ENTER	Bsb9sBVBAAPntu12L4jhXuiYYUjw2dpb85NgNmDxNpK1:early:1770262738	2HoEpcZXA2pKuXzgeGK9dRQ6mHbGnLmTz5fsaNLbHiaQhndR1WdwhVNSZck37myGkhcvSh4ki8QuqJVuySfzgcsU
FGxzLF5w_20260205_033421_7e7a4ca0	FGxzLF5wuuqBzHsiCCqmEiFRYmGaWSpgCTsdKpxNpump		1770262738	WALLET	4HiwLEP2Bzqj3hM2ENxJuzhcPCdsafwiet3oGkMkuQY4		WALLET_TIMING_EARLY_ENTER	4HiwLEP2Bzqj3hM2ENxJuzhcPCdsafwiet3oGkMkuQY4:early:1770262738	2HoEpcZXA2pKuXzgeGK9dRQ6mHbGnLmTz5fsaNLbHiaQhndR1WdwhVNSZck37myGkhcvSh4ki8QuqJVuySfzgcsU
FGxzLF5w_20260205_033421_7e7a4ca0	FGxzLF5wuuqBzHsiCCqmEiFRYmGaWSpgCTsdKpxNpump		1770262740	WALLET	4ejLXBVoEthmTN3Vq7FHBFUv456vPiR7yPmqDAX3NPw3		WALLET_TIMING_EARLY_ENTER	4ejLXBVoEthmTN3Vq7FHBFUv456vPiR7yPmqDAX3NPw3:early:1770262740	36KJ8urAvVbb4G4jH9efniFvbHT4g81VaQ6fYVt1eFV5KcCqxqb3515X5h4VY4NeevUVfT7B8beZGprFGaJEhYFA
FGxzLF5w_20260205_033421_7e7a4ca0	FGxzLF5wuuqBzHsiCCqmEiFRYmGaWSpgCTsdKpxNpump		1770262740	WALLET	E2jKq6t6PwcAb5iK2EjkTkv4B84tqmVpZdetxeqL2jcH		WALLET_TIMING_EARLY_ENTER	E2jKq6t6PwcAb5iK2EjkTkv4B84tqmVpZdetxeqL2jcH:early:1770262740	36KJ8urAvVbb4G4jH9efniFvbHT4g81VaQ6fYVt1eFV5KcCqxqb3515X5h4VY4NeevUVfT7B8beZGprFGaJEhYFA
FGxzLF5w_20260205_033421_7e7a4ca0	FGxzLF5wuuqBzHsiCCqmEiFRYmGaWSpgCTsdKpxNpump		1770262740	WALLET	noz3str9KXfpKknefHji8L1mPgimezaiUyCHYMDv1GE		WALLET_TIMING_EARLY_ENTER	noz3str9KXfpKknefHji8L1mPgimezaiUyCHYMDv1GE:early:1770262740	36KJ8urAvVbb4G4jH9efniFvbHT4g81VaQ6fYVt1eFV5KcCqxqb3515X5h4VY4NeevUVfT7B8beZGprFGaJEhYFA
FGxzLF5w_20260205_033421_7e7a4ca0	FGxzLF5wuuqBzHsiCCqmEiFRYmGaWSpgCTsdKpxNpump		1770262754	WALLET	BRajhHe6F3damLzT3Bm2ykGQCL3Ut8c3TJAFECwCgdVK		WALLET_TIMING_EARLY_ENTER	BRajhHe6F3damLzT3Bm2ykGQCL3Ut8c3TJAFECwCgdVK:early:1770262754	5TvNyv63U3nKBGuCnnZGzyJitXENSYhsRCYfMejradFzajRkyZvVM56NgNgUba9QrpW3amBgCJ7f9YvwKJGSAoXj
FGxzLF5w_20260205_033421_7e7a4ca0	FGxzLF5wuuqBzHsiCCqmEiFRYmGaWSpgCTsdKpxNpump		1770262754	WALLET	2CPnSreqcep2YrPv9s35FCcMiEnAmHdLMR6wtya25a5z		WALLET_TIMING_EARLY_ENTER	2CPnSreqcep2YrPv9s35FCcMiEnAmHdLMR6wtya25a5z:early:1770262754	5TvNyv63U3nKBGuCnnZGzyJitXENSYhsRCYfMejradFzajRkyZvVM56NgNgUba9QrpW3amBgCJ7f9YvwKJGSAoXj
